Constituency,Constituency No.,Leading Candidate,Leading Party,Trailing Candidate,Trailing Party,Margin,Round,Status
ALANDUR,28,M.HARISH,Tamilaga Vettri KazhagamiParty Wise State TrendsLeading In:0Won In:108Trailing In:0,T.M.ANBARASAN,"Dravida Munnetra Kazhagam
iParty Wise State TrendsLeading In:0Won In:59Trailing In:0",29609,31/31,Result Declared
ALANGUDI,182,SIVA.V.MEYYANATHAN,Dravida Munnetra KazhagamiParty Wise State TrendsLeading In:0Won In:59Trailing In:0,KANDASAMY,"Tamilaga Vettri Kazhagam
iParty Wise State TrendsLeading In:0Won In:108Trailing In:0",12977,21/21,Result Declared
ALANGULAM,223,PAUL MANOJ PANDIAN,Dravida Munnetra KazhagamiParty Wise State TrendsLeading In:0Won In:59Trailing In:0,K R P PRABAKARAN,"All India Anna Dravida Munnetra Kazhagam
iParty Wise State TrendsLeading In:0Won In:47Trailing In:0",7798,25/25,Result Declared
AMBASAMUDRAM,225,DR.ESAKKI SUBAYA,All India Anna Dravida Munnetra KazhagamiParty Wise State TrendsLeading In:0Won In:47Trailing In:0,V.P.DURAI,"Indian National Congress
iParty Wise State TrendsLeading In:0Won In:5Trailing In:0",10245,23/23,Result Declared
AMBATTUR,8,BALAMURUGAN.G,Tamilaga Vettri KazhagamiParty Wise State TrendsLeading In:0Won In:108Trailing In:0,DR A.P. POORNIMA,"Dravida Munnetra Kazhagam
iParty Wise State TrendsLeading In:0Won In:59Trailing In:0",58781,28/28,Result Declared
AMBUR,48,VILWANATHAN. A.C.,Dravida Munnetra KazhagamiParty Wise State TrendsLeading In:0Won In:59Trailing In:0,IMTHIYAZ PANDARATTUDU ABDU,"Tamilaga Vettri Kazhagam
iParty Wise State TrendsLeading In:0Won In:108Trailing In:0",7131,24/24,Result Declared
ANAIKATTU,44,D.VELAZHAGAN,All India Anna Dravida Munnetra KazhagamiParty Wise State TrendsLeading In:0Won In:47Trailing In:0,A.P.NANDAKUMAR,"Dravida Munnetra Kazhagam
iParty Wise State TrendsLeading In:0Won In:59Trailing In:0",7081,23/23,Result Declared
ANDIPATTI,198,MAHARAJAN.A,Dravida Munnetra KazhagamiParty Wise State TrendsLeading In:0Won In:59Trailing In:0,PANDI.V,"Tamilaga Vettri Kazhagam
iParty Wise State TrendsLeading In:0Won In:108Trailing In:0",9554,25/25,Result Declared
ANNA NAGAR,21,V.K.RAMKUMAR,Tamilaga Vettri KazhagamiParty Wise State TrendsLeading In:0Won In:108Trailing In:0,N.CHITRARASU,"Dravida Munnetra Kazhagam
iParty Wise State TrendsLeading In:0Won In:59Trailing In:0",21363,20/20,Result Declared
ANTHIYUR,105,HARIBASKAR.P,All India Anna Dravida Munnetra KazhagamiParty Wise State TrendsLeading In:0Won In:47Trailing In:0,SIVABALAN.M,"Dravida Munnetra Kazhagam
iParty Wise State TrendsLeading In:0Won In:59Trailing In:0",1260,20/20,Result Declared
ARAKKONAM,38,V. GANDHIRAJ,Tamilaga Vettri KazhagamiParty Wise State TrendsLeading In:0Won In:108Trailing In:0,EZHIL CAROLINE,"Viduthalai Chiruthaigal Katchi
iParty Wise State TrendsLeading In:0Won In:2Trailing In:0",23121,22/22,Result Declared
ARANI,67,JAYASUDHA. L,All India Anna Dravida Munnetra KazhagamiParty Wise State TrendsLeading In:0Won In:47Trailing In:0,MAHALAKSHMI GOVARTHANAN,"Dravida Munnetra Kazhagam
iParty Wise State TrendsLeading In:0Won In:59Trailing In:0",5631,25/25,Result Declared
ARANTHANGI,183,MOHAMED FARVAS. J,Tamilaga Vettri KazhagamiParty Wise State TrendsLeading In:0Won In:108Trailing In:0,RAMACHANDRAN . T,"Indian National Congress
iParty Wise State TrendsLeading In:0Won In:5Trailing In:0",10062,23/23,Result Declared
ARAVAKURICHI,134,ELANGO. R,Dravida Munnetra KazhagamiParty Wise State TrendsLeading In:0Won In:59Trailing In:0,KARTHIKEYAN. P,"Tamilaga Vettri Kazhagam
iParty Wise State TrendsLeading In:0Won In:108Trailing In:0",19382,22/22,Result Declared
ARCOT,42,S.M.SUKUMAR,All India Anna Dravida Munnetra KazhagamiParty Wise State TrendsLeading In:0Won In:47Trailing In:0,G.VIJAY MOHAN,"Tamilaga Vettri Kazhagam
iParty Wise State TrendsLeading In:0Won In:108Trailing In:0",42720,23/23,Result Declared
ARIYALUR,149,RAJENDRAN S,All India Anna Dravida Munnetra KazhagamiParty Wise State TrendsLeading In:0Won In:47Trailing In:0,LATHA BALU,"Dravida Munnetra Kazhagam
iParty Wise State TrendsLeading In:0Won In:59Trailing In:0",24498,25/25,Result Declared
ARUPPUKKOTTAI,207,RAMACHANDRAN. K.K.S.S.R,Dravida Munnetra KazhagamiParty Wise State TrendsLeading In:0Won In:59Trailing In:0,KARTHIK KUMAR. K,"Tamilaga Vettri Kazhagam
iParty Wise State TrendsLeading In:0Won In:108Trailing In:0",4943,20/20,Result Declared
ATHOOR,129,I. PERIASAMY,Dravida Munnetra KazhagamiParty Wise State TrendsLeading In:0Won In:59Trailing In:0,N. KALAISELVI,"Tamilaga Vettri Kazhagam
iParty Wise State TrendsLeading In:0Won In:108Trailing In:0",22368,26/26,Result Declared
ATTUR,82,JAYASANKARAN. A.P.,All India Anna Dravida Munnetra KazhagamiParty Wise State TrendsLeading In:0Won In:47Trailing In:0,SELVABHARATHI. R.,"Tamilaga Vettri Kazhagam
iParty Wise State TrendsLeading In:0Won In:108Trailing In:0",15318,23/23,Result Declared
AVADI,6,R.RAMESH KUMAR,Tamilaga Vettri KazhagamiParty Wise State TrendsLeading In:0Won In:108Trailing In:0,S.M.NASAR,"Dravida Munnetra Kazhagam
iParty Wise State TrendsLeading In:0Won In:59Trailing In:0",76311,27/27,Result Declared
AVANASHI,112,KAMALI.S,Tamilaga Vettri KazhagamiParty Wise State TrendsLeading In:0Won In:108Trailing In:0,DR. L. MURUGAN,"Bharatiya Janata Party
iParty Wise State TrendsLeading In:0Won In:1Trailing In:0",15373,28/28,Result Declared
BARGUR,52,E.C. GOVINDARASAN,All India Anna Dravida Munnetra KazhagamiParty Wise State TrendsLeading In:0Won In:47Trailing In:0,E. MURALIDHARAN,"Tamilaga Vettri Kazhagam
iParty Wise State TrendsLeading In:0Won In:108Trailing In:0",4241,24/24,Result Declared
BHAVANI,104,KARUPPANAN. K.C,All India Anna Dravida Munnetra KazhagamiParty Wise State TrendsLeading In:0Won In:47Trailing In:0,BALAKRISHNAN,"Tamilaga Vettri Kazhagam
iParty Wise State TrendsLeading In:0Won In:108Trailing In:0",7396,22/22,Result Declared
BHAVANISAGAR,107,V.P.TAMILSELVI,Tamilaga Vettri KazhagamiParty Wise State TrendsLeading In:0Won In:108Trailing In:0,A.BANNARI,"All India Anna Dravida Munnetra Kazhagam
iParty Wise State TrendsLeading In:0Won In:47Trailing In:0",4569,24/24,Result Declared
BHUVANAGIRI,157,ARUNMOZHITHEVAN . A,All India Anna Dravida Munnetra KazhagamiParty Wise State TrendsLeading In:0Won In:47Trailing In:0,SARAVANAN. DURAI . K,"Dravida Munnetra Kazhagam
iParty Wise State TrendsLeading In:0Won In:59Trailing In:0",2487,26/26,Result Declared
BODINAYAKANUR,200,PANNEERSELVAM.O,Dravida Munnetra KazhagamiParty Wise State TrendsLeading In:0Won In:59Trailing In:0,PRAKASH.S,"Tamilaga Vettri Kazhagam
iParty Wise State TrendsLeading In:0Won In:108Trailing In:0",6805,25/25,Result Declared
CHENGALPATTU,32,S. THIYAGARAJAN,Tamilaga Vettri KazhagamiParty Wise State TrendsLeading In:0Won In:108Trailing In:0,KARTHIKDHANDAPANI,"Dravida Munnetra Kazhagam
iParty Wise State TrendsLeading In:0Won In:59Trailing In:0",35641,40/40,Result Declared
CHENGAM,62,S.VELU,All India Anna Dravida Munnetra KazhagamiParty Wise State TrendsLeading In:0Won In:47Trailing In:0,K BHARATHIDHASAN,"Tamilaga Vettri Kazhagam
iParty Wise State TrendsLeading In:0Won In:108Trailing In:0",13278,25/25,Result Declared
CHEPAUK-THIRUVALLIKENI,19,UDHAYANIDHI STALIN,Dravida Munnetra KazhagamiParty Wise State TrendsLeading In:0Won In:59Trailing In:0,SELVAM. D,"Tamilaga Vettri Kazhagam
iParty Wise State TrendsLeading In:0Won In:108Trailing In:0",7140,17/17,Result Declared
CHEYYAR,68,MUKKUR N. SUBRAMANIAN,All India Anna Dravida Munnetra KazhagamiParty Wise State TrendsLeading In:0Won In:47Trailing In:0,DUSI K MOHAN,"Tamilaga Vettri Kazhagam
iParty Wise State TrendsLeading In:0Won In:108Trailing In:0",21081,24/24,Result Declared
CHEYYUR,34,RAJASEKAR. E,All India Anna Dravida Munnetra KazhagamiParty Wise State TrendsLeading In:0Won In:47Trailing In:0,MOHAN RAJA.M.G.K,"Tamilaga Vettri Kazhagam
iParty Wise State TrendsLeading In:0Won In:108Trailing In:0",5668,22/22,Result Declared
CHIDAMBARAM,158,THAMIMUN ANSARI. M,Dravida Munnetra KazhagamiParty Wise State TrendsLeading In:0Won In:59Trailing In:0,PANDIAN. K.A,"All India Anna Dravida Munnetra Kazhagam
iParty Wise State TrendsLeading In:0Won In:47Trailing In:0",5747,24/24,Result Declared
COIMBATORE (NORTH),118,V. SAMPATHKUMAR,Tamilaga Vettri KazhagamiParty Wise State TrendsLeading In:0Won In:108Trailing In:0,DURAI. SENTHAMIL SELVAN B.E,"Dravida Munnetra Kazhagam
iParty Wise State TrendsLeading In:0Won In:59Trailing In:0",21992,25/25,Result Declared
COIMBATORE (SOUTH),120,V SENTHILBALAJI,Dravida Munnetra KazhagamiParty Wise State TrendsLeading In:0Won In:59Trailing In:0,V. SENTHILKUMAR,"Tamilaga Vettri Kazhagam
iParty Wise State TrendsLeading In:0Won In:108Trailing In:0",2271,20/20,Result Declared
COLACHAL,231,THARAHAI CUTHBERT,Indian National CongressiParty Wise State TrendsLeading In:0Won In:5Trailing In:0,PREM ALEX LAWRENCE,"Tamilaga Vettri Kazhagam
iParty Wise State TrendsLeading In:0Won In:108Trailing In:0",2833,28/28,Result Declared
COONOOR,110,M. RAJU,Dravida Munnetra KazhagamiParty Wise State TrendsLeading In:0Won In:59Trailing In:0,A. RAMU,"All India Anna Dravida Munnetra Kazhagam
iParty Wise State TrendsLeading In:0Won In:47Trailing In:0",8099,18/18,Result Declared
CUDDALORE,155,B.RAJKUMAR,Tamilaga Vettri KazhagamiParty Wise State TrendsLeading In:0Won In:108Trailing In:0,A.S.CHANDARASEKARAN,"Indian National Congress
iParty Wise State TrendsLeading In:0Won In:5Trailing In:0",15519,20/20,Result Declared
CUMBUM,201,JEGANATHMISHRA PLA,Tamilaga Vettri KazhagamiParty Wise State TrendsLeading In:0Won In:108Trailing In:0,ERAMAKRISHNAN N,"Dravida Munnetra Kazhagam
iParty Wise State TrendsLeading In:0Won In:59Trailing In:0",751,25/25,Result Declared
DHARAPURAM,101,SATHYABAMA.P,All India Anna Dravida Munnetra KazhagamiParty Wise State TrendsLeading In:0Won In:47Trailing In:0,INDIRANI.T,"Dravida Munnetra Kazhagam
iParty Wise State TrendsLeading In:0Won In:59Trailing In:0",16727,24/24,Result Declared
DHARMAPURI,59,SOWMIYA ANBUMANI,Pattali Makkal KatchiiParty Wise State TrendsLeading In:0Won In:4Trailing In:0,SIVAN. M.,"Tamilaga Vettri Kazhagam
iParty Wise State TrendsLeading In:0Won In:108Trailing In:0",20896,23/23,Result Declared
DINDIGUL,132,SENTHILKUMAR. I.P,Dravida Munnetra KazhagamiParty Wise State TrendsLeading In:0Won In:59Trailing In:0,NAZEER RAJA. G,"Tamilaga Vettri Kazhagam
iParty Wise State TrendsLeading In:0Won In:108Trailing In:0",1131,26/26,Result Declared
DR.RADHAKRISHNAN NAGAR,11,N. MARIE WILSON,Tamilaga Vettri KazhagamiParty Wise State TrendsLeading In:0Won In:108Trailing In:0,J. JOHN EBENEZER,"Dravida Munnetra Kazhagam
iParty Wise State TrendsLeading In:0Won In:59Trailing In:0",49668,18/18,Result Declared
EDAPPADI,86,EDAPPADI PALANISWAMI. K,All India Anna Dravida Munnetra KazhagamiParty Wise State TrendsLeading In:0Won In:47Trailing In:0,PREMKUMAR. K,"Independent
iParty Wise State TrendsLeading In:0Won In:0Trailing In:0",98110,25/25,Result Declared
EGMORE,16,RAJMOHAN,Tamilaga Vettri KazhagamiParty Wise State TrendsLeading In:0Won In:108Trailing In:0,TAMILAN PRASANNA,"Dravida Munnetra Kazhagam
iParty Wise State TrendsLeading In:0Won In:59Trailing In:0",10804,15/15,Result Declared
ERODE (EAST),98,M.VIJAY BALAJI,Tamilaga Vettri KazhagamiParty Wise State TrendsLeading In:0Won In:108Trailing In:0,GOPINATH PALANIYAPPAN,"Indian National Congress
iParty Wise State TrendsLeading In:0Won In:5Trailing In:0",23966,20/20,Result Declared
ERODE (WEST),99,ANANTH MOGHAN K.K.,Tamilaga Vettri KazhagamiParty Wise State TrendsLeading In:0Won In:108Trailing In:0,S. MUTHUSAMY,"Dravida Munnetra Kazhagam
iParty Wise State TrendsLeading In:0Won In:59Trailing In:0",22250,24/24,Result Declared
GANDHARVAKOTTAI,178,N. SUBRAMANIAN,Tamilaga Vettri KazhagamiParty Wise State TrendsLeading In:0Won In:108Trailing In:0,C. UTHAYAKUMAR,"Bharatiya Janata Party
iParty Wise State TrendsLeading In:0Won In:1Trailing In:0",11039,18/18,Result Declared
GANGAVALLI,81,NALLATHAMBI. A,All India Anna Dravida Munnetra KazhagamiParty Wise State TrendsLeading In:0Won In:47Trailing In:0,CHINNADURAI. K,"Dravida Munnetra Kazhagam
iParty Wise State TrendsLeading In:0Won In:59Trailing In:0",14404,22/22,Result Declared
GINGEE,70,GANESHKUMAR A,Pattali Makkal KatchiiParty Wise State TrendsLeading In:0Won In:4Trailing In:0,GINGEE MASTHAN K S,"Dravida Munnetra Kazhagam
iParty Wise State TrendsLeading In:0Won In:59Trailing In:0",12645,24/24,Result Declared
GOBICHETTIPALAYAM,106,SENGOTTAIYAN.K.A,Tamilaga Vettri KazhagamiParty Wise State TrendsLeading In:0Won In:108Trailing In:0,NALLASIVAM.N,"Dravida Munnetra Kazhagam
iParty Wise State TrendsLeading In:0Won In:59Trailing In:0",16620,23/23,Result Declared
GUDALUR,109,DHRAVIDAMANI.M,Dravida Munnetra KazhagamiParty Wise State TrendsLeading In:0Won In:59Trailing In:0,PON.JAYASEELAN,"All India Anna Dravida Munnetra Kazhagam
iParty Wise State TrendsLeading In:0Won In:47Trailing In:0",22833,18/18,Result Declared
GUDIYATTAM,46,K.SINDU,Tamilaga Vettri KazhagamiParty Wise State TrendsLeading In:0Won In:108Trailing In:0,K.B.PRADAP,"Desiya Murpokku Dravida Kazhagam
iParty Wise State TrendsLeading In:0Won In:1Trailing In:0",10097,23/23,Result Declared
GUMMIDIPOONDI,1,S.VIJAYAKUMAR,Tamilaga Vettri KazhagamiParty Wise State TrendsLeading In:0Won In:108Trailing In:0,SUDHAKAR.V,"All India Anna Dravida Munnetra Kazhagam
iParty Wise State TrendsLeading In:0Won In:47Trailing In:0",27945,26/26,Result Declared
HARBOUR,18,P K SEKARBABU,Dravida Munnetra KazhagamiParty Wise State TrendsLeading In:0Won In:59Trailing In:0,SINORA P S ASHOK,"Tamilaga Vettri Kazhagam
iParty Wise State TrendsLeading In:0Won In:108Trailing In:0",11750,14/14,Result Declared
HARUR,61,SAMPATHKUMAR. V,All India Anna Dravida Munnetra KazhagamiParty Wise State TrendsLeading In:0Won In:47Trailing In:0,SHANMUGAM. A,"Dravida Munnetra Kazhagam
iParty Wise State TrendsLeading In:0Won In:59Trailing In:0",3329,23/23,Result Declared
HOSUR,55,BALAKRISHNAREDDY. P,All India Anna Dravida Munnetra KazhagamiParty Wise State TrendsLeading In:0Won In:47Trailing In:0,VENDARKARASAN.S,"Tamilaga Vettri Kazhagam
iParty Wise State TrendsLeading In:0Won In:108Trailing In:0",27803,32/32,Result Declared
JAYANKONDAM,150,VAITHILINGAM G.,Pattali Makkal KatchiiParty Wise State TrendsLeading In:0Won In:4Trailing In:0,KANNAN KA.SO.KA.,"Dravida Munnetra Kazhagam
iParty Wise State TrendsLeading In:0Won In:59Trailing In:0",18490,25/25,Result Declared
JOLARPET,49,VEERAMANI K.C.,All India Anna Dravida Munnetra KazhagamiParty Wise State TrendsLeading In:0Won In:47Trailing In:0,MUNISAMY C,"Tamilaga Vettri Kazhagam
iParty Wise State TrendsLeading In:0Won In:108Trailing In:0",16083,22/22,Result Declared
KADAYANALLUR,221,RAJENDRAN. T. M,Dravida Munnetra KazhagamiParty Wise State TrendsLeading In:0Won In:59Trailing In:0,C. KRISHNAMURALI,"All India Anna Dravida Munnetra Kazhagam
iParty Wise State TrendsLeading In:0Won In:47Trailing In:0",6253,27/27,Result Declared
KALASAPAKKAM,65,AGRI KRISHNAMURTHY. S S,All India Anna Dravida Munnetra KazhagamiParty Wise State TrendsLeading In:0Won In:47Trailing In:0,SARAVANAN. P.S.T,"Dravida Munnetra Kazhagam
iParty Wise State TrendsLeading In:0Won In:59Trailing In:0",26740,24/24,Result Declared
KALLAKURICHI,80,ARUL VIGNESH C,Tamilaga Vettri KazhagamiParty Wise State TrendsLeading In:0Won In:108Trailing In:0,RAJEEVGANDHI S,"All India Anna Dravida Munnetra Kazhagam
iParty Wise State TrendsLeading In:0Won In:47Trailing In:0",798,27/27,Result Declared
KANCHEEPURAM,37,R.V. RANJITHKUMAR,Tamilaga Vettri KazhagamiParty Wise State TrendsLeading In:0Won In:108Trailing In:0,V. SOMASUNDARAM,"All India Anna Dravida Munnetra Kazhagam
iParty Wise State TrendsLeading In:0Won In:47Trailing In:0",15488,26/26,Result Declared
KANGAYAM,102,NSN NATARAJ,All India Anna Dravida Munnetra KazhagamiParty Wise State TrendsLeading In:0Won In:47Trailing In:0,MANI GOUNDER,"Tamilaga Vettri Kazhagam
iParty Wise State TrendsLeading In:0Won In:108Trailing In:0",8133,24/24,Result Declared
KANNIYAKUMARI,229,THALAVAI SUNDARAM. N,All India Anna Dravida Munnetra KazhagamiParty Wise State TrendsLeading In:0Won In:47Trailing In:0,MAHESH.R,"Dravida Munnetra Kazhagam
iParty Wise State TrendsLeading In:0Won In:59Trailing In:0",214,34/34,Result Declared
KARAIKUDI,184,DR.PRABHU. TK,Tamilaga Vettri KazhagamiParty Wise State TrendsLeading In:0Won In:108Trailing In:0,MANGUDI. S,"Indian National Congress
iParty Wise State TrendsLeading In:0Won In:5Trailing In:0",46074,30/30,Result Declared
KARUR,135,M.R. VIJAYABHASKAR,All India Anna Dravida Munnetra KazhagamiParty Wise State TrendsLeading In:0Won In:47Trailing In:0,MATHIYALAGAN V.P,"Tamilaga Vettri Kazhagam
iParty Wise State TrendsLeading In:0Won In:108Trailing In:0",1821,21/21,Result Declared
KATPADI,40,DR M SUDHAKAR,Tamilaga Vettri KazhagamiParty Wise State TrendsLeading In:0Won In:108Trailing In:0,V. RAMU,"All India Anna Dravida Munnetra Kazhagam
iParty Wise State TrendsLeading In:0Won In:47Trailing In:0",5870,21/21,Result Declared
KATTUMANNARKOIL,159,L.E. JOTHIMANI,Viduthalai Chiruthaigal KatchiiParty Wise State TrendsLeading In:0Won In:2Trailing In:0,A. SOZHAN,"Pattali Makkal Katchi
iParty Wise State TrendsLeading In:0Won In:4Trailing In:0",33063,22/22,Result Declared
KAVUNDAMPALAYAM,117,KANIMOZHI SANTHOSH,Tamilaga Vettri KazhagamiParty Wise State TrendsLeading In:0Won In:108Trailing In:0,ARUNKUMAR PRG,"All India Anna Dravida Munnetra Kazhagam
iParty Wise State TrendsLeading In:0Won In:47Trailing In:0",42140,28/28,Result Declared
KILLIYOOR,234,RAJESH KUMAR. S,Indian National CongressiParty Wise State TrendsLeading In:0Won In:5Trailing In:0,SABIN. S,"Tamilaga Vettri Kazhagam
iParty Wise State TrendsLeading In:0Won In:108Trailing In:0",1311,23/23,Result Declared
KILPENNATHUR,64,RAMACHANDRAN.S,All India Anna Dravida Munnetra KazhagamiParty Wise State TrendsLeading In:0Won In:47Trailing In:0,PITCHANDI.K,"Dravida Munnetra Kazhagam
iParty Wise State TrendsLeading In:0Won In:59Trailing In:0",30465,23/23,Result Declared
KILVAITHINANKUPPAM,45,THENRAL KUMAR. E,Tamilaga Vettri KazhagamiParty Wise State TrendsLeading In:0Won In:108Trailing In:0,JEGAN MOORTHY. M,"All India Anna Dravida Munnetra Kazhagam
iParty Wise State TrendsLeading In:0Won In:47Trailing In:0",20255,19/19,Result Declared
KILVELUR,164,LATHA. T,Communist Party of India (Marxist)iParty Wise State TrendsLeading In:0Won In:2Trailing In:0,SENTHIL PANDIAN. P,"Tamilaga Vettri Kazhagam
iParty Wise State TrendsLeading In:0Won In:108Trailing In:0",2278,17/17,Result Declared
KINATHUKADAVU,122,VIGNESH K,Tamilaga Vettri KazhagamiParty Wise State TrendsLeading In:0Won In:108Trailing In:0,SABARI KARTHIKEYAN K.V.K.S,"Dravida Munnetra Kazhagam
iParty Wise State TrendsLeading In:0Won In:59Trailing In:0",11710,31/31,Result Declared
KOLATHUR,13,V. S. BABU,Tamilaga Vettri KazhagamiParty Wise State TrendsLeading In:0Won In:108Trailing In:0,M. K. STALIN,"Dravida Munnetra Kazhagam
iParty Wise State TrendsLeading In:0Won In:59Trailing In:0",8795,22/22,Result Declared
KOVILPATTI,218,KARUNANITHI.K,Dravida Munnetra KazhagamiParty Wise State TrendsLeading In:0Won In:59Trailing In:0,BALASUBRAMANIAN.S,"Tamilaga Vettri Kazhagam
iParty Wise State TrendsLeading In:0Won In:108Trailing In:0",843,25/25,Result Declared
KRISHNAGIRI,53,MUKUNDHAN.P,Tamilaga Vettri KazhagamiParty Wise State TrendsLeading In:0Won In:108Trailing In:0,ASHOKKUMAR.K,"All India Anna Dravida Munnetra Kazhagam
iParty Wise State TrendsLeading In:0Won In:47Trailing In:0",18844,25/25,Result Declared
KRISHNARAYAPURAM,136,SATHYA. M,Tamilaga Vettri KazhagamiParty Wise State TrendsLeading In:0Won In:108Trailing In:0,DR. DHIVYA. S,"All India Anna Dravida Munnetra Kazhagam
iParty Wise State TrendsLeading In:0Won In:47Trailing In:0",3503,21/21,Result Declared
KULITHALAI,137,SURIYANUR. A. CHANDRAN,Dravida Munnetra KazhagamiParty Wise State TrendsLeading In:0Won In:59Trailing In:0,G.BALASUBRAMANI,"Tamilaga Vettri Kazhagam
iParty Wise State TrendsLeading In:0Won In:108Trailing In:0",579,21/21,Result Declared
KUMARAPALAYAM,97,C.VIJAYALAKSHMI,Tamilaga Vettri KazhagamiParty Wise State TrendsLeading In:0Won In:108Trailing In:0,P.THANGAMANI,"All India Anna Dravida Munnetra Kazhagam
iParty Wise State TrendsLeading In:0Won In:47Trailing In:0",7696,24/24,Result Declared
KUMBAKONAM,171,VINOTH,Tamilaga Vettri KazhagamiParty Wise State TrendsLeading In:0Won In:108Trailing In:0,ANBALAGAN G,"Dravida Munnetra Kazhagam
iParty Wise State TrendsLeading In:0Won In:59Trailing In:0",679,23/23,Result Declared
KUNNAM,148,SIVASANKAR. S.S,Dravida Munnetra KazhagamiParty Wise State TrendsLeading In:0Won In:59Trailing In:0,SARANYA. A,"All India Anna Dravida Munnetra Kazhagam
iParty Wise State TrendsLeading In:0Won In:47Trailing In:0",15557,25/25,Result Declared
KURINJIPADI,156,M.R.K.PANNEERSELVAM,Dravida Munnetra KazhagamiParty Wise State TrendsLeading In:0Won In:59Trailing In:0,A BHUVANENTHIRAN,"All India Anna Dravida Munnetra Kazhagam
iParty Wise State TrendsLeading In:0Won In:47Trailing In:0",7589,20/20,Result Declared
LALGUDI,143,LEEMAROSE MARTIN,All India Anna Dravida Munnetra KazhagamiParty Wise State TrendsLeading In:0Won In:47Trailing In:0,KU PA KRISHNAN,"Tamilaga Vettri Kazhagam
iParty Wise State TrendsLeading In:0Won In:108Trailing In:0",2739,21/21,Result Declared
MADATHUKULAM,126,R JAYARAMAKRISHNAN,Dravida Munnetra KazhagamiParty Wise State TrendsLeading In:0Won In:59Trailing In:0,C SHANMUGAVELU,"Amma Makkal Munnettra Kazagam
iParty Wise State TrendsLeading In:0Won In:1Trailing In:0",15968,22/22,Result Declared
MADAVARAM,9,M.L.VIJAYPRABHU,Tamilaga Vettri KazhagamiParty Wise State TrendsLeading In:0Won In:108Trailing In:0,S.SUDHARSANAM,"Dravida Munnetra Kazhagam
iParty Wise State TrendsLeading In:0Won In:59Trailing In:0",94985,19/19,Result Declared
MADURAI CENTRAL,193,MADHAR BADHURUDEEN,Tamilaga Vettri KazhagamiParty Wise State TrendsLeading In:0Won In:108Trailing In:0,PALANIVEL THIAGA RAJAN,"Dravida Munnetra Kazhagam
iParty Wise State TrendsLeading In:0Won In:59Trailing In:0",19128,19/19,Result Declared
MADURAI EAST,189,KARTHIKEYAN S,Tamilaga Vettri KazhagamiParty Wise State TrendsLeading In:0Won In:108Trailing In:0,MOORTHY P,"Dravida Munnetra Kazhagam
iParty Wise State TrendsLeading In:0Won In:59Trailing In:0",16547,29/29,Result Declared
MADURAI NORTH,191,A.KALLANAI,Tamilaga Vettri KazhagamiParty Wise State TrendsLeading In:0Won In:108Trailing In:0,G.THALAPATHI,"Dravida Munnetra Kazhagam
iParty Wise State TrendsLeading In:0Won In:59Trailing In:0",18038,19/19,Result Declared
MADURAI SOUTH,192,M.M.GOPISON,Tamilaga Vettri KazhagamiParty Wise State TrendsLeading In:0Won In:108Trailing In:0,M.BOOMINATHAN,"Dravida Munnetra Kazhagam
iParty Wise State TrendsLeading In:0Won In:59Trailing In:0",21529,17/17,Result Declared
MADURAI WEST,194,THANGAPANDI SR,Tamilaga Vettri KazhagamiParty Wise State TrendsLeading In:0Won In:108Trailing In:0,BALAJI R,"Dravida Munnetra Kazhagam
iParty Wise State TrendsLeading In:0Won In:59Trailing In:0",11931,27/27,Result Declared
MADURANTAKAM,35,MARAGATHAM KUMARAVEL.K,All India Anna Dravida Munnetra KazhagamiParty Wise State TrendsLeading In:0Won In:47Trailing In:0,EZHIL KATHARINE EZHILMALAI,"Tamilaga Vettri Kazhagam
iParty Wise State TrendsLeading In:0Won In:108Trailing In:0",7194,22/22,Result Declared
MADURAVOYAL,7,RHEVANTH CHARAN,Tamilaga Vettri KazhagamiParty Wise State TrendsLeading In:0Won In:108Trailing In:0,GANAPATHY. K,"Dravida Munnetra Kazhagam
iParty Wise State TrendsLeading In:0Won In:59Trailing In:0",61509,27/27,Result Declared
MAILAM,71,SHANMUGAM C VE,All India Anna Dravida Munnetra KazhagamiParty Wise State TrendsLeading In:0Won In:47Trailing In:0,VIJAY NIRANJAN A,"Tamilaga Vettri Kazhagam
iParty Wise State TrendsLeading In:0Won In:108Trailing In:0",30041,21/21,Result Declared
MANACHANALLUR,144,KATHIRAVAN. S,Dravida Munnetra KazhagamiParty Wise State TrendsLeading In:0Won In:59Trailing In:0,V.SARAVANAN,"Tamilaga Vettri Kazhagam
iParty Wise State TrendsLeading In:0Won In:108Trailing In:0",12364,22/22,Result Declared
MANAMADURAI,187,ELANGOVAN.D,Tamilaga Vettri KazhagamiParty Wise State TrendsLeading In:0Won In:108Trailing In:0,TAMILARASI.A,"Dravida Munnetra Kazhagam
iParty Wise State TrendsLeading In:0Won In:59Trailing In:0",1208,27/27,Result Declared
MANAPPARAI,138,R. KATHIRAVAN,Tamilaga Vettri KazhagamiParty Wise State TrendsLeading In:0Won In:108Trailing In:0,DR. PL. VIJAYAKUMAR,"All India Anna Dravida Munnetra Kazhagam
iParty Wise State TrendsLeading In:0Won In:47Trailing In:0",1426,26/26,Result Declared
MANNARGUDI,167,KAMARAJ. S,Amma Makkal Munnettra KazagamiParty Wise State TrendsLeading In:0Won In:1Trailing In:0,RAJAA.T.R.B,"Dravida Munnetra Kazhagam
iParty Wise State TrendsLeading In:0Won In:59Trailing In:0",1566,22/22,Result Declared
MAYILADUTHURAI,161,JAMAL MOHAMED YOUNOOS. Y.N,Indian National CongressiParty Wise State TrendsLeading In:0Won In:5Trailing In:0,PALANISAMY. A  M.COM.,"Pattali Makkal Katchi
iParty Wise State TrendsLeading In:0Won In:4Trailing In:0",10845,22/22,Result Declared
MELUR,188,P.VISWANATHAN,Indian National CongressiParty Wise State TrendsLeading In:0Won In:5Trailing In:0,A.MADURAIVEERAN,"Tamilaga Vettri Kazhagam
iParty Wise State TrendsLeading In:0Won In:108Trailing In:0",2724,21/21,Result Declared
METTUPPALAYAM,111,SUNILANAND,Tamilaga Vettri KazhagamiParty Wise State TrendsLeading In:0Won In:108Trailing In:0,SMT.KAVITHA KALYANASUNDARAM,"Dravida Munnetra Kazhagam
iParty Wise State TrendsLeading In:0Won In:59Trailing In:0",7768,27/27,Result Declared
METTUR,85,VENKATACHALAM. G,All India Anna Dravida Munnetra KazhagamiParty Wise State TrendsLeading In:0Won In:47Trailing In:0,MIDHUN CHAKRAVARTHY. M,"Dravida Munnetra Kazhagam
iParty Wise State TrendsLeading In:0Won In:59Trailing In:0",19105,30/30,Result Declared
MODAKKURICHI,100,D.SHANMUGAN,Tamilaga Vettri KazhagamiParty Wise State TrendsLeading In:0Won In:108Trailing In:0,S.KIRTHIKA,"Bharatiya Janata Party
iParty Wise State TrendsLeading In:0Won In:1Trailing In:0",2430,21/21,Result Declared
MUDHUKULATHUR,212,R.S.RAJAKANNAPPAN,Dravida Munnetra KazhagamiParty Wise State TrendsLeading In:0Won In:59Trailing In:0,MALARVIZHI. B,"Tamilaga Vettri Kazhagam
iParty Wise State TrendsLeading In:0Won In:108Trailing In:0",16598,31/31,Result Declared
MUSIRI,145,M.VIGNESH,Tamilaga Vettri KazhagamiParty Wise State TrendsLeading In:0Won In:108Trailing In:0,N.S.KARUNAIRAAJA,"Dravida Munnetra Kazhagam
iParty Wise State TrendsLeading In:0Won In:59Trailing In:0",17442,21/21,Result Declared
MYLAPORE,25,VENKATARAMANAN. P,Tamilaga Vettri KazhagamiParty Wise State TrendsLeading In:0Won In:108Trailing In:0,VELU. DHA,"Dravida Munnetra Kazhagam
iParty Wise State TrendsLeading In:0Won In:59Trailing In:0",28972,21/21,Result Declared
NAGAPATTINAM,163,M.H.JAWAHIRULLAH,Dravida Munnetra KazhagamiParty Wise State TrendsLeading In:0Won In:59Trailing In:0,M.SUGUMAR,"Tamilaga Vettri Kazhagam
iParty Wise State TrendsLeading In:0Won In:108Trailing In:0",9781,19/19,Result Declared
NAGERCOIL,230,AUSTIN,Dravida Munnetra KazhagamiParty Wise State TrendsLeading In:0Won In:59Trailing In:0,BERVIN KINGS G,"Tamilaga Vettri Kazhagam
iParty Wise State TrendsLeading In:0Won In:108Trailing In:0",7570,23/23,Result Declared
NAMAKKAL,94,DILIP C S,Tamilaga Vettri KazhagamiParty Wise State TrendsLeading In:0Won In:108Trailing In:0,SRIDEVI MOHAN P S,"All India Anna Dravida Munnetra Kazhagam
iParty Wise State TrendsLeading In:0Won In:47Trailing In:0",11008,23/23,Result Declared
NANGUNERI,227,REDDIARPATTI V. NARAYANAN,Tamilaga Vettri KazhagamiParty Wise State TrendsLeading In:0Won In:108Trailing In:0,RUBY.R.MANOHARAN,"Indian National Congress
iParty Wise State TrendsLeading In:0Won In:5Trailing In:0",16419,25/25,Result Declared
NANNILAM,169,KAMARAJ. R,All India Anna Dravida Munnetra KazhagamiParty Wise State TrendsLeading In:0Won In:47Trailing In:0,MOHAMED MUBARAK,"Dravida Munnetra Kazhagam
iParty Wise State TrendsLeading In:0Won In:59Trailing In:0",41724,25/25,Result Declared
NATHAM,131,NATHAM VISWANATHAN R,All India Anna Dravida Munnetra KazhagamiParty Wise State TrendsLeading In:0Won In:47Trailing In:0,SELVAKUMAR K,"Dravida Munnetra Kazhagam
iParty Wise State TrendsLeading In:0Won In:59Trailing In:0",11869,27/27,Result Declared
NEYVELI,153,RAJENDRAN.R,All India Anna Dravida Munnetra KazhagamiParty Wise State TrendsLeading In:0Won In:47Trailing In:0,SABA.RAJENDRAN,"Dravida Munnetra Kazhagam
iParty Wise State TrendsLeading In:0Won In:59Trailing In:0",10962,20/20,Result Declared
NILAKKOTTAI,130,AYYANAR.R,Tamilaga Vettri KazhagamiParty Wise State TrendsLeading In:0Won In:108Trailing In:0,NAGAJOTHI.S,"Dravida Munnetra Kazhagam
iParty Wise State TrendsLeading In:0Won In:59Trailing In:0",2925,25/25,Result Declared
ODDANCHATRAM,128,SAKKARAPANI. R,Dravida Munnetra KazhagamiParty Wise State TrendsLeading In:0Won In:59Trailing In:0,VIDIYAL S. SEKAR,"Bharatiya Janata Party
iParty Wise State TrendsLeading In:0Won In:1Trailing In:0",43249,26/26,Result Declared
OMALUR,84,MANI. R,All India Anna Dravida Munnetra KazhagamiParty Wise State TrendsLeading In:0Won In:47Trailing In:0,ADHIYAMAAN. R.V,"Tamilaga Vettri Kazhagam
iParty Wise State TrendsLeading In:0Won In:108Trailing In:0",14539,26/26,Result Declared
ORATHANADU,175,R. VAITHILINGAM,Dravida Munnetra KazhagamiParty Wise State TrendsLeading In:0Won In:59Trailing In:0,DR. K. ARVIND,"Tamilaga Vettri Kazhagam
iParty Wise State TrendsLeading In:0Won In:108Trailing In:0",35028,24/24,Result Declared
OTTAPIDARAM,217,P .MATHANRAJA,Tamilaga Vettri KazhagamiParty Wise State TrendsLeading In:0Won In:108Trailing In:0,P.M.RAMAJEYAM,"Dravida Munnetra Kazhagam
iParty Wise State TrendsLeading In:0Won In:59Trailing In:0",29083,24/24,Result Declared
PADMANABHAPURAM,232,CHELLASWAMY. R,Communist Party of India (Marxist)iParty Wise State TrendsLeading In:0Won In:2Trailing In:0,KRISHNA KUMAR. S,"Tamilaga Vettri Kazhagam
iParty Wise State TrendsLeading In:0Won In:108Trailing In:0",15569,24/24,Result Declared
PALACODU,57,ANBALAGAN. K.P.,All India Anna Dravida Munnetra KazhagamiParty Wise State TrendsLeading In:0Won In:47Trailing In:0,GOPI. R.,"Tamilaga Vettri Kazhagam
iParty Wise State TrendsLeading In:0Won In:108Trailing In:0",39042,23/23,Result Declared
PALANI,127,RAVIMANOHARAN. K,All India Anna Dravida Munnetra KazhagamiParty Wise State TrendsLeading In:0Won In:47Trailing In:0,DR. PRAVEEN KUMAR. M,"Tamilaga Vettri Kazhagam
iParty Wise State TrendsLeading In:0Won In:108Trailing In:0",693,27/27,Result Declared
PALAYAMKOTTAI,226,M.ABDUL WAHAB,Dravida Munnetra KazhagamiParty Wise State TrendsLeading In:0Won In:59Trailing In:0,MARIA JOHN,"Tamilaga Vettri Kazhagam
iParty Wise State TrendsLeading In:0Won In:108Trailing In:0",13805,22/22,Result Declared
PALLADAM,115,K.RAMKUMAR,Tamilaga Vettri KazhagamiParty Wise State TrendsLeading In:0Won In:108Trailing In:0,K.P.PARAMASIVAM,"All India Anna Dravida Munnetra Kazhagam
iParty Wise State TrendsLeading In:0Won In:47Trailing In:0",37897,35/35,Result Declared
PALLAVARAM,30,J.KAMATCHI,Tamilaga Vettri KazhagamiParty Wise State TrendsLeading In:0Won In:108Trailing In:0,D.MURUGESAN,"Desiya Murpokku Dravida Kazhagam
iParty Wise State TrendsLeading In:0Won In:1Trailing In:0",54693,35/35,Result Declared
PANRUTI,154,MOHAN. K,All India Anna Dravida Munnetra KazhagamiParty Wise State TrendsLeading In:0Won In:47Trailing In:0,ABDUR RAHMAN. A.R,"Viduthalai Chiruthaigal Katchi
iParty Wise State TrendsLeading In:0Won In:2Trailing In:0",10663,23/23,Result Declared
PAPANASAM,172,A.M. SHAHJAHAN,Indian Union Muslim LeagueiParty Wise State TrendsLeading In:0Won In:2Trailing In:0,AZARUDEEN UDUMAN ALI,"Tamilaga Vettri Kazhagam
iParty Wise State TrendsLeading In:0Won In:108Trailing In:0",1065,23/23,Result Declared
PAPPIREDDIPATTI,60,MARAGATHAM VETRIVEL,All India Anna Dravida Munnetra KazhagamiParty Wise State TrendsLeading In:0Won In:47Trailing In:0,PALANIAPPAN. P,"Dravida Munnetra Kazhagam
iParty Wise State TrendsLeading In:0Won In:59Trailing In:0",33114,25/25,Result Declared
PARAMAKUDI,209,ADVOCATE. KATHIRAVAN. K.K,Dravida Munnetra KazhagamiParty Wise State TrendsLeading In:0Won In:59Trailing In:0,GOPIRAJAN. G,"Tamilaga Vettri Kazhagam
iParty Wise State TrendsLeading In:0Won In:108Trailing In:0",3548,25/25,Result Declared
PARAMATHI-VELUR,95,SEKAR S,All India Anna Dravida Munnetra KazhagamiParty Wise State TrendsLeading In:0Won In:47Trailing In:0,MOORTHIY K S,"Dravida Munnetra Kazhagam
iParty Wise State TrendsLeading In:0Won In:59Trailing In:0",308,20/20,Result Declared
PATTUKKOTTAI,176,ANNADURAI K,Dravida Munnetra KazhagamiParty Wise State TrendsLeading In:0Won In:59Trailing In:0,MATHAN C,"Tamilaga Vettri Kazhagam
iParty Wise State TrendsLeading In:0Won In:108Trailing In:0",13754,24/24,Result Declared
PENNAGARAM,58,GAJENDRAN. S.,Tamilaga Vettri KazhagamiParty Wise State TrendsLeading In:0Won In:108Trailing In:0,SELVAM. V.,"Pattali Makkal Katchi
iParty Wise State TrendsLeading In:0Won In:4Trailing In:0",3165,23/23,Result Declared
PERAMBALUR,147,SIVAKUMAR. K,Tamilaga Vettri KazhagamiParty Wise State TrendsLeading In:0Won In:108Trailing In:0,DR. JAYALAKSHMI. S.T,"Dravida Munnetra Kazhagam
iParty Wise State TrendsLeading In:0Won In:59Trailing In:0",14393,28/28,Result Declared
PERAMBUR,12,C. JOSEPH VIJAY,Tamilaga Vettri KazhagamiParty Wise State TrendsLeading In:0Won In:108Trailing In:0,R.D. SHEKAR,"Dravida Munnetra Kazhagam
iParty Wise State TrendsLeading In:0Won In:59Trailing In:0",53715,23/23,Result Declared
PERAVURANI,177,ASHOKKUMAR. N,Dravida Munnetra KazhagamiParty Wise State TrendsLeading In:0Won In:59Trailing In:0,GOVI.ELANGO,"All India Anna Dravida Munnetra Kazhagam
iParty Wise State TrendsLeading In:0Won In:47Trailing In:0",3162,21/21,Result Declared
PERIYAKULAM,199,SABARI IYNGARAN G.,Tamilaga Vettri KazhagamiParty Wise State TrendsLeading In:0Won In:108Trailing In:0,SAKTHIVEL P.,"Viduthalai Chiruthaigal Katchi
iParty Wise State TrendsLeading In:0Won In:2Trailing In:0",19321,26/26,Result Declared
PERUNDURAI,103,JAYAKUMAR. S,All India Anna Dravida Munnetra KazhagamiParty Wise State TrendsLeading In:0Won In:47Trailing In:0,THOPPU VENKATACHALAM (ALIAS) N.D. VENKATACHALAM,"Dravida Munnetra Kazhagam
iParty Wise State TrendsLeading In:0Won In:59Trailing In:0",9693,22/22,Result Declared
POLLACHI,123,K. NITHYANANDHAN,Dravida Munnetra KazhagamiParty Wise State TrendsLeading In:0Won In:59Trailing In:0,POLLACHI V. JAYARAMAN,"All India Anna Dravida Munnetra Kazhagam
iParty Wise State TrendsLeading In:0Won In:47Trailing In:0",4627,22/22,Result Declared
POLUR,66,ABISHEK. R,Tamilaga Vettri KazhagamiParty Wise State TrendsLeading In:0Won In:108Trailing In:0,SARAVANAN. P,"Desiya Murpokku Dravida Kazhagam
iParty Wise State TrendsLeading In:0Won In:1Trailing In:0",227,22/22,Result Declared
PONNERI,2,DR.RAVI.M.S,Tamilaga Vettri KazhagamiParty Wise State TrendsLeading In:0Won In:108Trailing In:0,DURAI CHANDRASEKAR,"Indian National Congress
iParty Wise State TrendsLeading In:0Won In:5Trailing In:0",55768,26/26,Result Declared
POOMPUHAR,162,NIVEDHA M MURUGAN,Dravida Munnetra KazhagamiParty Wise State TrendsLeading In:0Won In:59Trailing In:0,PAVUNRAJ. S,"All India Anna Dravida Munnetra Kazhagam
iParty Wise State TrendsLeading In:0Won In:47Trailing In:0",8260,25/25,Result Declared
POONAMALLEE,5,PRAKASAM.R,Tamilaga Vettri KazhagamiParty Wise State TrendsLeading In:0Won In:108Trailing In:0,KRISHNASWAMY.A,"Dravida Munnetra Kazhagam
iParty Wise State TrendsLeading In:0Won In:59Trailing In:0",72740,25/25,Result Declared
PUDUKKOTTAI,180,V. MUTHURAJA,Dravida Munnetra KazhagamiParty Wise State TrendsLeading In:0Won In:59Trailing In:0,K.M. SHARIFF,"Tamilaga Vettri Kazhagam
iParty Wise State TrendsLeading In:0Won In:108Trailing In:0",1867,22/22,Result Declared
RADHAPURAM,228,DR.SATHISH CHRISTOPHER,Tamilaga Vettri KazhagamiParty Wise State TrendsLeading In:0Won In:108Trailing In:0,APPAVU.M,"Dravida Munnetra Kazhagam
iParty Wise State TrendsLeading In:0Won In:59Trailing In:0",12313,26/26,Result Declared
RAJAPALAYAM,202,JEGADESHWARI. K,Tamilaga Vettri KazhagamiParty Wise State TrendsLeading In:0Won In:108Trailing In:0,THANGAPANDIAN. S,"Dravida Munnetra Kazhagam
iParty Wise State TrendsLeading In:0Won In:59Trailing In:0",10605,21/21,Result Declared
RAMANATHAPURAM,211,KATHARBATCHA MUTHURAMALINGAM,Dravida Munnetra KazhagamiParty Wise State TrendsLeading In:0Won In:59Trailing In:0,SHAHUL HAMEED,"Tamilaga Vettri Kazhagam
iParty Wise State TrendsLeading In:0Won In:108Trailing In:0",12459,31/31,Result Declared
RANIPET,41,THAHIRA,Tamilaga Vettri KazhagamiParty Wise State TrendsLeading In:0Won In:108Trailing In:0,R. GANDHI,"Dravida Munnetra Kazhagam
iParty Wise State TrendsLeading In:0Won In:59Trailing In:0",5787,22/22,Result Declared
RASIPURAM,92,LOGESH TAMILSELVAN D,Tamilaga Vettri KazhagamiParty Wise State TrendsLeading In:0Won In:108Trailing In:0,PREMKUMAR S D,"Bharatiya Janata Party
iParty Wise State TrendsLeading In:0Won In:1Trailing In:0",14511,21/21,Result Declared
RISHIVANDIYAM,78,KARTHIKEYAN K,Dravida Munnetra KazhagamiParty Wise State TrendsLeading In:0Won In:59Trailing In:0,ASHOK KUMAR G,"Tamilaga Vettri Kazhagam
iParty Wise State TrendsLeading In:0Won In:108Trailing In:0",4862,25/25,Result Declared
ROYAPURAM,17,K.V. VIJAY DAMU,Tamilaga Vettri KazhagamiParty Wise State TrendsLeading In:0Won In:108Trailing In:0,DR. A. SUBAIR KHAN,"Dravida Munnetra Kazhagam
iParty Wise State TrendsLeading In:0Won In:59Trailing In:0",14249,15/15,Result Declared
SAIDAPET,23,ARUL PRAKASAM. M,Tamilaga Vettri KazhagamiParty Wise State TrendsLeading In:0Won In:108Trailing In:0,SUBRAMANIAN. MA,"Dravida Munnetra Kazhagam
iParty Wise State TrendsLeading In:0Won In:59Trailing In:0",28514,21/21,Result Declared
SALEM (NORTH),89,SIVAKUMAR. K,Tamilaga Vettri KazhagamiParty Wise State TrendsLeading In:0Won In:108Trailing In:0,RAJENDRAN. R,"Dravida Munnetra Kazhagam
iParty Wise State TrendsLeading In:0Won In:59Trailing In:0",14034,23/23,Result Declared
SALEM (SOUTH),90,VIJAY TAMILAN PARTHIBAN. A,Tamilaga Vettri KazhagamiParty Wise State TrendsLeading In:0Won In:108Trailing In:0,LOGANATHAN. M,"Dravida Munnetra Kazhagam
iParty Wise State TrendsLeading In:0Won In:59Trailing In:0",33369,20/20,Result Declared
SALEM (WEST),88,LAKSHMANAN.S,Tamilaga Vettri KazhagamiParty Wise State TrendsLeading In:0Won In:108Trailing In:0,KARTHE.M,"Pattali Makkal Katchi
iParty Wise State TrendsLeading In:0Won In:4Trailing In:0",74867,24/24,Result Declared
SANKARANKOVIL,219,DR. DHILIPAN JAISHANKAR,All India Anna Dravida Munnetra KazhagamiParty Wise State TrendsLeading In:0Won In:47Trailing In:0,C. RAMARAJAN,"Tamilaga Vettri Kazhagam
iParty Wise State TrendsLeading In:0Won In:108Trailing In:0",6489,24/24,Result Declared
SANKARAPURAM,79,RAKESH R,All India Anna Dravida Munnetra KazhagamiParty Wise State TrendsLeading In:0Won In:47Trailing In:0,UDHAYASURIYAN T,"Dravida Munnetra Kazhagam
iParty Wise State TrendsLeading In:0Won In:59Trailing In:0",3440,25/25,Result Declared
SANKARI,87,VETRIVEL. S,All India Anna Dravida Munnetra KazhagamiParty Wise State TrendsLeading In:0Won In:47Trailing In:0,SENTHILKUMAR. K,"Tamilaga Vettri Kazhagam
iParty Wise State TrendsLeading In:0Won In:108Trailing In:0",9517,25/25,Result Declared
SATTUR,204,KADARKARAIRAJ. A,Dravida Munnetra KazhagamiParty Wise State TrendsLeading In:0Won In:59Trailing In:0,NAINAR NAGENTHRAN,"Bharatiya Janata Party
iParty Wise State TrendsLeading In:0Won In:1Trailing In:0",5989,21/21,Result Declared
SENTHAMANGALAM,93,P CHANDRASEKAR,Tamilaga Vettri KazhagamiParty Wise State TrendsLeading In:0Won In:108Trailing In:0,C CHANDRASEKARAN,"All India Anna Dravida Munnetra Kazhagam
iParty Wise State TrendsLeading In:0Won In:47Trailing In:0",2655,23/23,Result Declared
SHOLAVANDAN,190,KARUPPAIAH.M.V,Tamilaga Vettri KazhagamiParty Wise State TrendsLeading In:0Won In:108Trailing In:0,VENKATESAN.A,"Dravida Munnetra Kazhagam
iParty Wise State TrendsLeading In:0Won In:59Trailing In:0",2678,19/19,Result Declared
SHOLINGUR,39,G.KAPIL,Tamilaga Vettri KazhagamiParty Wise State TrendsLeading In:0Won In:108Trailing In:0,K.SARAVANAN,"Pattali Makkal Katchi
iParty Wise State TrendsLeading In:0Won In:4Trailing In:0",5686,26/26,Result Declared
SHOZHINGANALLUR,27,ECR P SARAVANAN,Tamilaga Vettri KazhagamiParty Wise State TrendsLeading In:0Won In:108Trailing In:0,S. ARAVIND RAMESH,"Dravida Munnetra Kazhagam
iParty Wise State TrendsLeading In:0Won In:59Trailing In:0",96780,33/33,Result Declared
SINGANALLUR,121,K.S.SRI GIRI PRASATH,Tamilaga Vettri KazhagamiParty Wise State TrendsLeading In:0Won In:108Trailing In:0,V.SRINIDHI,"Indian National Congress
iParty Wise State TrendsLeading In:0Won In:5Trailing In:0",19139,27/27,Result Declared
SIRKAZHI,160,SENTHILSELVAN.R,Dravida Munnetra KazhagamiParty Wise State TrendsLeading In:0Won In:59Trailing In:0,SAKTHI.M,"All India Anna Dravida Munnetra Kazhagam
iParty Wise State TrendsLeading In:0Won In:47Trailing In:0",11417,23/23,Result Declared
SIVAGANGA,186,KULANTHAI RANI A,Tamilaga Vettri KazhagamiParty Wise State TrendsLeading In:0Won In:108Trailing In:0,SENTHILNATHAN PR,"All India Anna Dravida Munnetra Kazhagam
iParty Wise State TrendsLeading In:0Won In:47Trailing In:0",15081,31/31,Result Declared
SIVAKASI,205,KEERTHANA S,Tamilaga Vettri KazhagamiParty Wise State TrendsLeading In:0Won In:108Trailing In:0,ASHOKAN G,"Indian National Congress
iParty Wise State TrendsLeading In:0Won In:5Trailing In:0",11670,22/22,Result Declared
SRIPERUMBUDUR,29,THENNARASU.K,Tamilaga Vettri KazhagamiParty Wise State TrendsLeading In:0Won In:108Trailing In:0,K. SELVAPERUNTHAGAI,"Indian National Congress
iParty Wise State TrendsLeading In:0Won In:5Trailing In:0",54246,33/33,Result Declared
SRIRANGAM,139,RAMESH,Tamilaga Vettri KazhagamiParty Wise State TrendsLeading In:0Won In:108Trailing In:0,S. DURAIRAJ,"Dravida Munnetra Kazhagam
iParty Wise State TrendsLeading In:0Won In:59Trailing In:0",33590,28/28,Result Declared
SRIVAIKUNTAM,216,SARAVANAN. G,Tamilaga Vettri KazhagamiParty Wise State TrendsLeading In:0Won In:108Trailing In:0,SHANMUGANATHAN. S. P,"All India Anna Dravida Munnetra Kazhagam
iParty Wise State TrendsLeading In:0Won In:47Trailing In:0",1186,21/21,Result Declared
SRIVILLIPUTHUR,203,KARTHIK.A,Tamilaga Vettri KazhagamiParty Wise State TrendsLeading In:0Won In:108Trailing In:0,MAHALINGAM.P,"Communist Party of India
iParty Wise State TrendsLeading In:0Won In:2Trailing In:0",8581,24/24,Result Declared
SULUR,116,NM.SUKUMAR,Tamilaga Vettri KazhagamiParty Wise State TrendsLeading In:0Won In:108Trailing In:0,V.P.KANDASAMY,"All India Anna Dravida Munnetra Kazhagam
iParty Wise State TrendsLeading In:0Won In:47Trailing In:0",4790,30/30,Result Declared
TAMBARAM,31,D.SARATHKUMAR,Tamilaga Vettri KazhagamiParty Wise State TrendsLeading In:0Won In:108Trailing In:0,R.S.KIRUTHIKA DEVI,"Dravida Munnetra Kazhagam
iParty Wise State TrendsLeading In:0Won In:59Trailing In:0",35621,39/39,Result Declared
TENKASI,222,DR.KALAI KATHIRAVAN,Dravida Munnetra KazhagamiParty Wise State TrendsLeading In:0Won In:59Trailing In:0,S.SELVA MOHANDAS PANDIAN,"All India Anna Dravida Munnetra Kazhagam
iParty Wise State TrendsLeading In:0Won In:47Trailing In:0",10299,26/26,Result Declared
THALLI,56,RAMACHANDRAN. T,Communist Party of IndiaiParty Wise State TrendsLeading In:0Won In:2Trailing In:0,DR.NAGESH KUMAR. C,"Bharatiya Janata Party
iParty Wise State TrendsLeading In:0Won In:1Trailing In:0",5240,24/24,Result Declared
THANJAVUR,174,R. VIJAYSARAVANAN,Tamilaga Vettri KazhagamiParty Wise State TrendsLeading In:0Won In:108Trailing In:0,SHAN. RAMANATHAN,"Dravida Munnetra Kazhagam
iParty Wise State TrendsLeading In:0Won In:59Trailing In:0",16955,24/24,Result Declared
THIRU-VI-KA-NAGAR,15,M. R. PALLAVI,Tamilaga Vettri KazhagamiParty Wise State TrendsLeading In:0Won In:108Trailing In:0,K. S. RAVICHANDRAN,"Dravida Munnetra Kazhagam
iParty Wise State TrendsLeading In:0Won In:59Trailing In:0",22333,17/17,Result Declared
THIRUMANGALAM,196,MANIMARAN.M,Dravida Munnetra KazhagamiParty Wise State TrendsLeading In:0Won In:59Trailing In:0,UDHAYAKUMAR.R.B,"All India Anna Dravida Munnetra Kazhagam
iParty Wise State TrendsLeading In:0Won In:47Trailing In:0",23807,26/26,Result Declared
THIRUMAYAM,181,REGUPATHY.S,Dravida Munnetra KazhagamiParty Wise State TrendsLeading In:0Won In:59Trailing In:0,CHINTHAMANI.C,"Tamilaga Vettri Kazhagam
iParty Wise State TrendsLeading In:0Won In:108Trailing In:0",1492,22/22,Result Declared
THIRUPARANKUNDRAM,195,NIRMALKUMAR. R.,Tamilaga Vettri KazhagamiParty Wise State TrendsLeading In:0Won In:108Trailing In:0,KIRUTHIGA THANGAPANDI,"Dravida Munnetra Kazhagam
iParty Wise State TrendsLeading In:0Won In:59Trailing In:0",41553,27/27,Result Declared
THIRUPORUR,33,B.VIJAYARAJ,Tamilaga Vettri KazhagamiParty Wise State TrendsLeading In:0Won In:108Trailing In:0,R. PANNEERDOSS,"Viduthalai Chiruthaigal Katchi
iParty Wise State TrendsLeading In:0Won In:2Trailing In:0",39351,33/33,Result Declared
THIRUTHURAIPOONDI,166,MARIMUTHU.K,Communist Party of IndiaiParty Wise State TrendsLeading In:0Won In:2Trailing In:0,PANDIYAN.S,"Tamilaga Vettri Kazhagam
iParty Wise State TrendsLeading In:0Won In:108Trailing In:0",12922,21/21,Result Declared
THIRUVAIYARU,173,DURAI. CHANDRASEKARAN,Dravida Munnetra KazhagamiParty Wise State TrendsLeading In:0Won In:59Trailing In:0,MATHI. MANIKANDAN,"Tamilaga Vettri Kazhagam
iParty Wise State TrendsLeading In:0Won In:108Trailing In:0",8555,25/25,Result Declared
THIRUVALLUR,4,DR. T. ARUNKUMAR,Tamilaga Vettri KazhagamiParty Wise State TrendsLeading In:0Won In:108Trailing In:0,V.G. RAAJENDRAN,"Dravida Munnetra Kazhagam
iParty Wise State TrendsLeading In:0Won In:59Trailing In:0",24760,24/24,Result Declared
THIRUVARUR,168,KALAIVANAN POONDI K,Dravida Munnetra KazhagamiParty Wise State TrendsLeading In:0Won In:59Trailing In:0,VEERAMANI V,"Tamilaga Vettri Kazhagam
iParty Wise State TrendsLeading In:0Won In:108Trailing In:0",18148,25/25,Result Declared
THIRUVERUMBUR,142,VIJAYAKUMAR (A) NAVALPATTU S. VIJI,Tamilaga Vettri KazhagamiParty Wise State TrendsLeading In:0Won In:108Trailing In:0,ANBIL MAHESH POYYAMOZHI,"Dravida Munnetra Kazhagam
iParty Wise State TrendsLeading In:0Won In:59Trailing In:0",8705,24/24,Result Declared
THIRUVIDAIMARUDUR,170,GOVI.CHEZHIAAN,Dravida Munnetra KazhagamiParty Wise State TrendsLeading In:0Won In:59Trailing In:0,S.PRABAKARAN,"Tamilaga Vettri Kazhagam
iParty Wise State TrendsLeading In:0Won In:108Trailing In:0",14116,25/25,Result Declared
THIRUVOTTIYUR,10,SENTHIL KUMAR. N,Tamilaga Vettri KazhagamiParty Wise State TrendsLeading In:0Won In:108Trailing In:0,SUNDARARAJ. L,"Communist Party of India (Marxist)
iParty Wise State TrendsLeading In:0Won In:2Trailing In:0",53564,26/26,Result Declared
THIYAGARAYANAGAR,24,ANAND N,Tamilaga Vettri KazhagamiParty Wise State TrendsLeading In:0Won In:108Trailing In:0,SATHIYANARAYANAN B,"All India Anna Dravida Munnetra Kazhagam
iParty Wise State TrendsLeading In:0Won In:47Trailing In:0",13027,18/18,Result Declared
THONDAMUTHUR,119,S.P.VELUMANI,All India Anna Dravida Munnetra KazhagamiParty Wise State TrendsLeading In:0Won In:47Trailing In:0,SATHISH RAJU (ALIAS) K.P.R. SATHISH,"Tamilaga Vettri Kazhagam
iParty Wise State TrendsLeading In:0Won In:108Trailing In:0",14725,28/28,Result Declared
THOOTHUKKUDI,214,SRINATH,Tamilaga Vettri KazhagamiParty Wise State TrendsLeading In:0Won In:108Trailing In:0,P. GEETHA JEEVAN,"Dravida Munnetra Kazhagam
iParty Wise State TrendsLeading In:0Won In:59Trailing In:0",37731,26/26,Result Declared
THOUSAND LIGHTS,20,PRABHAKAR.J.C.D,Tamilaga Vettri KazhagamiParty Wise State TrendsLeading In:0Won In:108Trailing In:0,EZHILAN NAGANATHAN,"Dravida Munnetra Kazhagam
iParty Wise State TrendsLeading In:0Won In:59Trailing In:0",15141,18/18,Result Declared
THURAIYUR,146,RAVISANKAR.M,Tamilaga Vettri KazhagamiParty Wise State TrendsLeading In:0Won In:108Trailing In:0,E.SAROJA,"All India Anna Dravida Munnetra Kazhagam
iParty Wise State TrendsLeading In:0Won In:47Trailing In:0",9614,23/23,Result Declared
TINDIVANAM,72,VANNI ARASU,Viduthalai Chiruthaigal KatchiiParty Wise State TrendsLeading In:0Won In:2Trailing In:0,ARJUNAN. P,"All India Anna Dravida Munnetra Kazhagam
iParty Wise State TrendsLeading In:0Won In:47Trailing In:0",734,23/23,Result Declared
TIRUCHENDUR,215,ANITHA R. RADHAKRISHNAN,Dravida Munnetra KazhagamiParty Wise State TrendsLeading In:0Won In:59Trailing In:0,J. MURUGAN,"Tamilaga Vettri Kazhagam
iParty Wise State TrendsLeading In:0Won In:108Trailing In:0",5872,22/22,Result Declared
TIRUCHENGODU,96,ARUNRAJ K G,Tamilaga Vettri KazhagamiParty Wise State TrendsLeading In:0Won In:108Trailing In:0,SRMT SEKAR (A) CHANDRASEKAR R,"All India Anna Dravida Munnetra Kazhagam
iParty Wise State TrendsLeading In:0Won In:47Trailing In:0",28172,22/22,Result Declared
TIRUCHIRAPPALLI (EAST),141,C. JOSEPH VIJAY,Tamilaga Vettri KazhagamiParty Wise State TrendsLeading In:0Won In:108Trailing In:0,S. INIGO IRUDAYARAJ,"Dravida Munnetra Kazhagam
iParty Wise State TrendsLeading In:0Won In:59Trailing In:0",27416,28/28,Result Declared
TIRUCHIRAPPALLI (WEST),140,K.N.NEHRU,Dravida Munnetra KazhagamiParty Wise State TrendsLeading In:0Won In:59Trailing In:0,G.RAMAMOORTHI,"Tamilaga Vettri Kazhagam
iParty Wise State TrendsLeading In:0Won In:108Trailing In:0",4786,24/24,Result Declared
TIRUCHULI,208,THANGAM THENARASU,Dravida Munnetra KazhagamiParty Wise State TrendsLeading In:0Won In:59Trailing In:0,SAMAYAN.S,"Tamilaga Vettri Kazhagam
iParty Wise State TrendsLeading In:0Won In:108Trailing In:0",13485,23/23,Result Declared
TIRUKKOYILUR,76,PALANISAMY S,All India Anna Dravida Munnetra KazhagamiParty Wise State TrendsLeading In:0Won In:47Trailing In:0,VIJAY R BARANIBALAAJI,"Tamilaga Vettri Kazhagam
iParty Wise State TrendsLeading In:0Won In:108Trailing In:0",285,24/24,Result Declared
TIRUNELVELI,224,MURUGHAN.R.S.,Tamilaga Vettri KazhagamiParty Wise State TrendsLeading In:0Won In:108Trailing In:0,SUBRAMANIAN.S,"Dravida Munnetra Kazhagam
iParty Wise State TrendsLeading In:0Won In:59Trailing In:0",11414,28/28,Result Declared
TIRUPPATTUR,50,DR.THIRUPATHI. N,Tamilaga Vettri KazhagamiParty Wise State TrendsLeading In:0Won In:108Trailing In:0,NALLATHAMBI. A,"Dravida Munnetra Kazhagam
iParty Wise State TrendsLeading In:0Won In:59Trailing In:0",48263,23/23,Result Declared
TIRUPPATTUR,185,SEENIVASA SETHUPATHY. R,Tamilaga Vettri KazhagamiParty Wise State TrendsLeading In:0Won In:108Trailing In:0,PERIAKARUPPAN. KR,"Dravida Munnetra Kazhagam
iParty Wise State TrendsLeading In:0Won In:59Trailing In:0",1,30/30,Result Declared
TIRUPPUR (NORTH),113,V.SATHYABAMA,Tamilaga Vettri KazhagamiParty Wise State TrendsLeading In:0Won In:108Trailing In:0,M.S.M.ANANDAN,"All India Anna Dravida Munnetra Kazhagam
iParty Wise State TrendsLeading In:0Won In:47Trailing In:0",69992,34/34,Result Declared
TIRUPPUR (SOUTH),114,BALAMURUGAN. S,Tamilaga Vettri KazhagamiParty Wise State TrendsLeading In:0Won In:108Trailing In:0,DINESHKUMAR. N,"Dravida Munnetra Kazhagam
iParty Wise State TrendsLeading In:0Won In:59Trailing In:0",12901,21/21,Result Declared
TIRUTTANI,3,G.HARI,All India Anna Dravida Munnetra KazhagamiParty Wise State TrendsLeading In:0Won In:47Trailing In:0,M.SATHYA KUMAR,"Tamilaga Vettri Kazhagam
iParty Wise State TrendsLeading In:0Won In:108Trailing In:0",5793,27/27,Result Declared
TIRUVADANAI,210,RAJEEV,Tamilaga Vettri KazhagamiParty Wise State TrendsLeading In:0Won In:108Trailing In:0,RM. KARUMANICKAM,"Indian National Congress
iParty Wise State TrendsLeading In:0Won In:5Trailing In:0",2513,28/28,Result Declared
TIRUVANNAMALAI,63,VELU. E.V,Dravida Munnetra KazhagamiParty Wise State TrendsLeading In:0Won In:59Trailing In:0,ARUL ARUMUGAM,"Tamilaga Vettri Kazhagam
iParty Wise State TrendsLeading In:0Won In:108Trailing In:0",2455,23/23,Result Declared
TITTAKUDI,151,GANESAN C.V,Dravida Munnetra KazhagamiParty Wise State TrendsLeading In:0Won In:59Trailing In:0,RAJASEKAR A,"Tamilaga Vettri Kazhagam
iParty Wise State TrendsLeading In:0Won In:108Trailing In:0",2629,21/21,Result Declared
UDHAGAMANDALAM,108,BHOJARAJAN.M,Bharatiya Janata PartyiParty Wise State TrendsLeading In:0Won In:1Trailing In:0,IBRAHIM.R,"Tamilaga Vettri Kazhagam
iParty Wise State TrendsLeading In:0Won In:108Trailing In:0",976,21/21,Result Declared
UDUMALAIPETTAI,125,JAYAKUMAR M.,Dravida Munnetra KazhagamiParty Wise State TrendsLeading In:0Won In:59Trailing In:0,RADHAKRISHNAN K.,"All India Anna Dravida Munnetra Kazhagam
iParty Wise State TrendsLeading In:0Won In:47Trailing In:0",2882,22/22,Result Declared
ULUNDURPETTAI,77,VASANTHAVEL G R,Dravida Munnetra KazhagamiParty Wise State TrendsLeading In:0Won In:59Trailing In:0,KUMARAGURU R,"All India Anna Dravida Munnetra Kazhagam
iParty Wise State TrendsLeading In:0Won In:47Trailing In:0",2277,29/29,Result Declared
USILAMPATTI,197,VIJAY. M,Tamilaga Vettri KazhagamiParty Wise State TrendsLeading In:0Won In:108Trailing In:0,MAHENDRAN. I,"All India Anna Dravida Munnetra Kazhagam
iParty Wise State TrendsLeading In:0Won In:47Trailing In:0",1805,25/25,Result Declared
UTHANGARAI,51,N ELAIYARAJA,Tamilaga Vettri KazhagamiParty Wise State TrendsLeading In:0Won In:108Trailing In:0,T M TAMILSELVAM,"All India Anna Dravida Munnetra Kazhagam
iParty Wise State TrendsLeading In:0Won In:47Trailing In:0",5198,25/25,Result Declared
UTHIRAMERUR,36,MUNIRATHINAM.J,Tamilaga Vettri KazhagamiParty Wise State TrendsLeading In:0Won In:108Trailing In:0,SUNDAR.K,"Dravida Munnetra Kazhagam
iParty Wise State TrendsLeading In:0Won In:59Trailing In:0",14223,24/24,Result Declared
VALPARAI,124,KUTTY (ALIAS) SUDHAKAR. A,Dravida Munnetra KazhagamiParty Wise State TrendsLeading In:0Won In:59Trailing In:0,DR. SRIDHARAN. A,"Tamilaga Vettri Kazhagam
iParty Wise State TrendsLeading In:0Won In:108Trailing In:0",9371,19/19,Result Declared
VANDAVASI,69,AMBETHKUMAR. S,Dravida Munnetra KazhagamiParty Wise State TrendsLeading In:0Won In:59Trailing In:0,RANI. P,"All India Anna Dravida Munnetra Kazhagam
iParty Wise State TrendsLeading In:0Won In:47Trailing In:0",3333,21/21,Result Declared
VANIYAMBADI,47,SYED FAROOQ BASHA SSB,Indian Union Muslim LeagueiParty Wise State TrendsLeading In:0Won In:2Trailing In:0,SYED BHURHANUDEEN,"Tamilaga Vettri Kazhagam
iParty Wise State TrendsLeading In:0Won In:108Trailing In:0",2982,24/24,Result Declared
VANUR,73,GOWTHAM D,Dravida Munnetra KazhagamiParty Wise State TrendsLeading In:0Won In:59Trailing In:0,SURESH P,"Tamilaga Vettri Kazhagam
iParty Wise State TrendsLeading In:0Won In:108Trailing In:0",7034,23/23,Result Declared
VASUDEVANALLUR,220,E. RAJA,Dravida Munnetra KazhagamiParty Wise State TrendsLeading In:0Won In:59Trailing In:0,ANANTHAN AYYASAMY,"Bharatiya Janata Party
iParty Wise State TrendsLeading In:0Won In:1Trailing In:0",6583,23/23,Result Declared
VEDARANYAM,165,MANIAN. O.S,All India Anna Dravida Munnetra KazhagamiParty Wise State TrendsLeading In:0Won In:47Trailing In:0,PUGAZHENDI. M,"Dravida Munnetra Kazhagam
iParty Wise State TrendsLeading In:0Won In:59Trailing In:0",7331,18/18,Result Declared
VEDASANDUR,133,SAMINATHAN. T,Dravida Munnetra KazhagamiParty Wise State TrendsLeading In:0Won In:59Trailing In:0,PARAMASIVAM. V.P.B.,"All India Anna Dravida Munnetra Kazhagam
iParty Wise State TrendsLeading In:0Won In:47Trailing In:0",10063,27/27,Result Declared
VEERAPANDI,91,PALANIVEL. M.S,Tamilaga Vettri KazhagamiParty Wise State TrendsLeading In:0Won In:108Trailing In:0,SRI BALAJI SUGUMAR. S,"All India Anna Dravida Munnetra Kazhagam
iParty Wise State TrendsLeading In:0Won In:47Trailing In:0",4071,23/23,Result Declared
VELACHERY,26,KUMAR. R,Tamilaga Vettri KazhagamiParty Wise State TrendsLeading In:0Won In:108Trailing In:0,ASHOK. M.K,"All India Anna Dravida Munnetra Kazhagam
iParty Wise State TrendsLeading In:0Won In:47Trailing In:0",33305,23/23,Result Declared
VELLORE,43,M.M.VINOTH KANNAN,Tamilaga Vettri KazhagamiParty Wise State TrendsLeading In:0Won In:108Trailing In:0,P.KARTHIKEYAN,"Dravida Munnetra Kazhagam
iParty Wise State TrendsLeading In:0Won In:59Trailing In:0",6777,22/22,Result Declared
VEPPANAHALLI,54,SRINIVASAN.P.S,Dravida Munnetra KazhagamiParty Wise State TrendsLeading In:0Won In:59Trailing In:0,MUNUSAMY.K.P,"All India Anna Dravida Munnetra Kazhagam
iParty Wise State TrendsLeading In:0Won In:47Trailing In:0",138,27/27,Result Declared
VIKRAVANDI,75,SIVAKUMAR C,Pattali Makkal KatchiiParty Wise State TrendsLeading In:0Won In:4Trailing In:0,VIJAI VADIVEL A,"Tamilaga Vettri Kazhagam
iParty Wise State TrendsLeading In:0Won In:108Trailing In:0",910,23/23,Result Declared
VILATHIKULAM,213,MARKANDAYAN G V,Dravida Munnetra KazhagamiParty Wise State TrendsLeading In:0Won In:59Trailing In:0,P. KASIRAM,"Tamilaga Vettri Kazhagam
iParty Wise State TrendsLeading In:0Won In:108Trailing In:0",8228,20/20,Result Declared
VILAVANCODE,233,PRAVEEN T.T,Indian National CongressiParty Wise State TrendsLeading In:0Won In:5Trailing In:0,MICHAEL KUMAR K,"Tamilaga Vettri Kazhagam
iParty Wise State TrendsLeading In:0Won In:108Trailing In:0",20970,22/22,Result Declared
VILLIVAKKAM,14,AADHAV ARJUNA,Tamilaga Vettri KazhagamiParty Wise State TrendsLeading In:0Won In:108Trailing In:0,KARTHIK MOHAN,"Dravida Munnetra Kazhagam
iParty Wise State TrendsLeading In:0Won In:59Trailing In:0",17302,19/19,Result Declared
VILUPPURAM,74,LAKSHMANAN R,Dravida Munnetra KazhagamiParty Wise State TrendsLeading In:0Won In:59Trailing In:0,MOHANRAJ N,"Tamilaga Vettri Kazhagam
iParty Wise State TrendsLeading In:0Won In:108Trailing In:0",4119,24/24,Result Declared
VIRALIMALAI,179,VIJAYABASKAR. C,All India Anna Dravida Munnetra KazhagamiParty Wise State TrendsLeading In:0Won In:47Trailing In:0,MURUGESAN. P,"Tamilaga Vettri Kazhagam
iParty Wise State TrendsLeading In:0Won In:108Trailing In:0",62073,22/22,Result Declared
VIRUDHUNAGAR,206,SELVAM P,Tamilaga Vettri KazhagamiParty Wise State TrendsLeading In:0Won In:108Trailing In:0,VIJAYAPRABHAKAR,"Desiya Murpokku Dravida Kazhagam
iParty Wise State TrendsLeading In:0Won In:1Trailing In:0",9391,23/23,Result Declared
VIRUGAMPAKKAM,22,SABARINATHAN.R,Tamilaga Vettri KazhagamiParty Wise State TrendsLeading In:0Won In:108Trailing In:0,PRABHAKARA RAJA.A.M.V,"Dravida Munnetra Kazhagam
iParty Wise State TrendsLeading In:0Won In:59Trailing In:0",27086,24/24,Result Declared
VRIDDHACHALAM,152,PREMALLATHA VIJAYAKANT,Desiya Murpokku Dravida KazhagamiParty Wise State TrendsLeading In:0Won In:1Trailing In:0,VIJAY.S,"Tamilaga Vettri Kazhagam
iParty Wise State TrendsLeading In:0Won In:108Trailing In:0",2387,24/24,Result Declared
YERCAUD,83,USHARANI. P,All India Anna Dravida Munnetra KazhagamiParty Wise State TrendsLeading In:0Won In:47Trailing In:0,LAKSHMI JANARTHANAN. J,"Tamilaga Vettri Kazhagam
iParty Wise State TrendsLeading In:0Won In:108Trailing In:0",2189,25/25,Result Declared
