Constituency,Constituency No.,Leading Candidate,Leading Party,Trailing Candidate,Trailing Party,Margin,Round,Status,Lead_Party_Name,Trail_Party_Name,District
Alandur,28,M.HARISH,Tamilaga Vettri Kazhagam,T.M.ANBARASAN,Dravida Munnetra Kazhagam,29609,31/31,Result Declared,TVK,DMK,Kancheepuram
Alangudi,182,SIVA.V.MEYYANATHAN,Dravida Munnetra Kazhagam,KANDASAMY,Tamilaga Vettri Kazhagam,12977,21/21,Result Declared,DMK,TVK,Pudukkottai
Alangulam,223,PAUL MANOJ PANDIAN,Dravida Munnetra Kazhagam,K R P PRABAKARAN,All India Anna Dravida Munnetra Kazhagam,7798,25/25,Result Declared,DMK,AIADMK,Tirunelveli
Ambasamudram,225,DR.ESAKKI SUBAYA,All India Anna Dravida Munnetra Kazhagam,V.P.DURAI,Indian National Congress,10245,23/23,Result Declared,AIADMK,INC,Tirunelveli
Ambattur,8,BALAMURUGAN.G,Tamilaga Vettri Kazhagam,DR A.P. POORNIMA,Dravida Munnetra Kazhagam,58781,28/28,Result Declared,TVK,DMK,Thiruvallur
Ambur,48,VILWANATHAN. A.C.,Dravida Munnetra Kazhagam,IMTHIYAZ PANDARATTUDU ABDU,Tamilaga Vettri Kazhagam,7131,24/24,Result Declared,DMK,TVK,Tirupattur
Anaikattu,44,D.VELAZHAGAN,All India Anna Dravida Munnetra Kazhagam,A.P.NANDAKUMAR,Dravida Munnetra Kazhagam,7081,23/23,Result Declared,AIADMK,DMK,Vellore
Andipatti,198,MAHARAJAN.A,Dravida Munnetra Kazhagam,PANDI.V,Tamilaga Vettri Kazhagam,9554,25/25,Result Declared,DMK,TVK,Theni
Anna nagar,21,V.K.RAMKUMAR,Tamilaga Vettri Kazhagam,N.CHITRARASU,Dravida Munnetra Kazhagam,21363,20/20,Result Declared,TVK,DMK,Chennai
Anthiyur,105,HARIBASKAR.P,All India Anna Dravida Munnetra Kazhagam,SIVABALAN.M,Dravida Munnetra Kazhagam,1260,20/20,Result Declared,AIADMK,DMK,Erode
Arakkonam,38,V. GANDHIRAJ,Tamilaga Vettri Kazhagam,EZHIL CAROLINE,Viduthalai Chiruthaigal Katchi,23121,22/22,Result Declared,TVK,VCK,Ranipet
Arani,67,JAYASUDHA. L,All India Anna Dravida Munnetra Kazhagam,MAHALAKSHMI GOVARTHANAN,Dravida Munnetra Kazhagam,5631,25/25,Result Declared,AIADMK,DMK,Tiruvannamalai
Aranthangi,183,MOHAMED FARVAS. J,Tamilaga Vettri Kazhagam,RAMACHANDRAN . T,Indian National Congress,10062,23/23,Result Declared,TVK,INC,Pudukkottai
Aravakurichi,134,ELANGO. R,Dravida Munnetra Kazhagam,KARTHIKEYAN. P,Tamilaga Vettri Kazhagam,19382,22/22,Result Declared,DMK,TVK,Karur
Arcot,42,S.M.SUKUMAR,All India Anna Dravida Munnetra Kazhagam,G.VIJAY MOHAN,Tamilaga Vettri Kazhagam,42720,23/23,Result Declared,AIADMK,TVK,Ranipet
Ariyalur,149,RAJENDRAN S,All India Anna Dravida Munnetra Kazhagam,LATHA BALU,Dravida Munnetra Kazhagam,24498,25/25,Result Declared,AIADMK,DMK,Perambalur
Aruppukkottai,207,RAMACHANDRAN. K.K.S.S.R,Dravida Munnetra Kazhagam,KARTHIK KUMAR. K,Tamilaga Vettri Kazhagam,4943,20/20,Result Declared,DMK,TVK,Virudhunagar
Athoor,129,I. PERIASAMY,Dravida Munnetra Kazhagam,N. KALAISELVI,Tamilaga Vettri Kazhagam,22368,26/26,Result Declared,DMK,TVK,Dindigul
Attur,82,JAYASANKARAN. A.P.,All India Anna Dravida Munnetra Kazhagam,SELVABHARATHI. R.,Tamilaga Vettri Kazhagam,15318,23/23,Result Declared,AIADMK,TVK,Salem
Avadi,6,R.RAMESH KUMAR,Tamilaga Vettri Kazhagam,S.M.NASAR,Dravida Munnetra Kazhagam,76311,27/27,Result Declared,TVK,DMK,Thiruvallur
Avanashi,112,KAMALI.S,Tamilaga Vettri Kazhagam,DR. L. MURUGAN,Bharatiya Janata Party,15373,28/28,Result Declared,TVK,BJP,Tiruppur
Bargur,52,E.C. GOVINDARASAN,All India Anna Dravida Munnetra Kazhagam,E. MURALIDHARAN,Tamilaga Vettri Kazhagam,4241,24/24,Result Declared,AIADMK,TVK,Krishnagiri
Bhavani,104,KARUPPANAN. K.C,All India Anna Dravida Munnetra Kazhagam,BALAKRISHNAN,Tamilaga Vettri Kazhagam,7396,22/22,Result Declared,AIADMK,TVK,Erode
Bhavanisagar,107,V.P.TAMILSELVI,Tamilaga Vettri Kazhagam,A.BANNARI,All India Anna Dravida Munnetra Kazhagam,4569,24/24,Result Declared,TVK,AIADMK,Erode
Bhuvanagiri,157,ARUNMOZHITHEVAN . A,All India Anna Dravida Munnetra Kazhagam,SARAVANAN. DURAI . K,Dravida Munnetra Kazhagam,2487,26/26,Result Declared,AIADMK,DMK,Cuddalore
Bodinayakanur,200,PANNEERSELVAM.O,Dravida Munnetra Kazhagam,PRAKASH.S,Tamilaga Vettri Kazhagam,6805,25/25,Result Declared,DMK,TVK,Theni
Chengalpattu,32,S. THIYAGARAJAN,Tamilaga Vettri Kazhagam,KARTHIKDHANDAPANI,Dravida Munnetra Kazhagam,35641,40/40,Result Declared,TVK,DMK,Chengalpattu
Chengam,62,S.VELU,All India Anna Dravida Munnetra Kazhagam,K BHARATHIDHASAN,Tamilaga Vettri Kazhagam,13278,25/25,Result Declared,AIADMK,TVK,Tiruvannamalai
Chepauk-thiruvallikeni,19,UDHAYANIDHI STALIN,Dravida Munnetra Kazhagam,SELVAM. D,Tamilaga Vettri Kazhagam,7140,17/17,Result Declared,DMK,TVK,Chennai
Cheyyar,68,MUKKUR N. SUBRAMANIAN,All India Anna Dravida Munnetra Kazhagam,DUSI K MOHAN,Tamilaga Vettri Kazhagam,21081,24/24,Result Declared,AIADMK,TVK,Tiruvannamalai
Cheyyur,34,RAJASEKAR. E,All India Anna Dravida Munnetra Kazhagam,MOHAN RAJA.M.G.K,Tamilaga Vettri Kazhagam,5668,22/22,Result Declared,AIADMK,TVK,Chengalpattu
Chidambaram,158,THAMIMUN ANSARI. M,Dravida Munnetra Kazhagam,PANDIAN. K.A,All India Anna Dravida Munnetra Kazhagam,5747,24/24,Result Declared,DMK,AIADMK,Cuddalore
Coimbatore (north),118,V. SAMPATHKUMAR,Tamilaga Vettri Kazhagam,DURAI. SENTHAMIL SELVAN B.E,Dravida Munnetra Kazhagam,21992,25/25,Result Declared,TVK,DMK,Coimbatore
Coimbatore (south),120,V SENTHILBALAJI,Dravida Munnetra Kazhagam,V. SENTHILKUMAR,Tamilaga Vettri Kazhagam,2271,20/20,Result Declared,DMK,TVK,Coimbatore
Colachal,231,THARAHAI CUTHBERT,Indian National Congress,PREM ALEX LAWRENCE,Tamilaga Vettri Kazhagam,2833,28/28,Result Declared,INC,TVK,Kanniyakumari
Coonoor,110,M. RAJU,Dravida Munnetra Kazhagam,A. RAMU,All India Anna Dravida Munnetra Kazhagam,8099,18/18,Result Declared,DMK,AIADMK,Nilgiris
Cuddalore,155,B.RAJKUMAR,Tamilaga Vettri Kazhagam,A.S.CHANDARASEKARAN,Indian National Congress,15519,20/20,Result Declared,TVK,INC,Cuddalore
Cumbum,201,JEGANATHMISHRA PLA,Tamilaga Vettri Kazhagam,ERAMAKRISHNAN N,Dravida Munnetra Kazhagam,751,25/25,Result Declared,TVK,DMK,Theni
Dharapuram,101,SATHYABAMA.P,All India Anna Dravida Munnetra Kazhagam,INDIRANI.T,Dravida Munnetra Kazhagam,16727,24/24,Result Declared,AIADMK,DMK,Tiruppur
Dharmapuri,59,SOWMIYA ANBUMANI,Pattali Makkal Katchi,SIVAN. M.,Tamilaga Vettri Kazhagam,20896,23/23,Result Declared,PMK,TVK,Dharmapuri
Dindigul,132,SENTHILKUMAR. I.P,Dravida Munnetra Kazhagam,NAZEER RAJA. G,Tamilaga Vettri Kazhagam,1131,26/26,Result Declared,DMK,TVK,Dindigul
Dr.radhakrishnan nagar,11,N. MARIE WILSON,Tamilaga Vettri Kazhagam,J. JOHN EBENEZER,Dravida Munnetra Kazhagam,49668,18/18,Result Declared,TVK,DMK,Chennai
Edappadi,86,EDAPPADI PALANISWAMI. K,All India Anna Dravida Munnetra Kazhagam,PREMKUMAR. K,Independent,98110,25/25,Result Declared,AIADMK,Unknown,Salem
Egmore,16,RAJMOHAN,Tamilaga Vettri Kazhagam,TAMILAN PRASANNA,Dravida Munnetra Kazhagam,10804,15/15,Result Declared,TVK,DMK,Chennai
Erode (east),98,M.VIJAY BALAJI,Tamilaga Vettri Kazhagam,GOPINATH PALANIYAPPAN,Indian National Congress,23966,20/20,Result Declared,TVK,INC,Erode
Erode (west),99,ANANTH MOGHAN K.K.,Tamilaga Vettri Kazhagam,S. MUTHUSAMY,Dravida Munnetra Kazhagam,22250,24/24,Result Declared,TVK,DMK,Erode
Gandharvakottai,178,N. SUBRAMANIAN,Tamilaga Vettri Kazhagam,C. UTHAYAKUMAR,Bharatiya Janata Party,11039,18/18,Result Declared,TVK,BJP,Pudukkottai
Gangavalli,81,NALLATHAMBI. A,All India Anna Dravida Munnetra Kazhagam,CHINNADURAI. K,Dravida Munnetra Kazhagam,14404,22/22,Result Declared,AIADMK,DMK,Salem
Gingee,70,GANESHKUMAR A,Pattali Makkal Katchi,GINGEE MASTHAN K S,Dravida Munnetra Kazhagam,12645,24/24,Result Declared,PMK,DMK,Viluppuram
Gobichettipalayam,106,SENGOTTAIYAN.K.A,Tamilaga Vettri Kazhagam,NALLASIVAM.N,Dravida Munnetra Kazhagam,16620,23/23,Result Declared,TVK,DMK,Erode
Gudalur,109,DHRAVIDAMANI.M,Dravida Munnetra Kazhagam,PON.JAYASEELAN,All India Anna Dravida Munnetra Kazhagam,22833,18/18,Result Declared,DMK,AIADMK,Nilgiris
Gudiyattam,46,K.SINDU,Tamilaga Vettri Kazhagam,K.B.PRADAP,Desiya Murpokku Dravida Kazhagam,10097,23/23,Result Declared,TVK,DMDK,Vellore
Gummidipoondi,1,S.VIJAYAKUMAR,Tamilaga Vettri Kazhagam,SUDHAKAR.V,All India Anna Dravida Munnetra Kazhagam,27945,26/26,Result Declared,TVK,AIADMK,Thiruvallur
Harbour,18,P K SEKARBABU,Dravida Munnetra Kazhagam,SINORA P S ASHOK,Tamilaga Vettri Kazhagam,11750,14/14,Result Declared,DMK,TVK,Chennai
Harur,61,SAMPATHKUMAR. V,All India Anna Dravida Munnetra Kazhagam,SHANMUGAM. A,Dravida Munnetra Kazhagam,3329,23/23,Result Declared,AIADMK,DMK,Dharmapuri
Hosur,55,BALAKRISHNAREDDY. P,All India Anna Dravida Munnetra Kazhagam,VENDARKARASAN.S,Tamilaga Vettri Kazhagam,27803,32/32,Result Declared,AIADMK,TVK,Krishnagiri
Jayankondam,150,VAITHILINGAM G.,Pattali Makkal Katchi,KANNAN KA.SO.KA.,Dravida Munnetra Kazhagam,18490,25/25,Result Declared,PMK,DMK,Perambalur
Jolarpet,49,VEERAMANI K.C.,All India Anna Dravida Munnetra Kazhagam,MUNISAMY C,Tamilaga Vettri Kazhagam,16083,22/22,Result Declared,AIADMK,TVK,Tiruvannamalai
Kadayanallur,221,RAJENDRAN. T. M,Dravida Munnetra Kazhagam,C. KRISHNAMURALI,All India Anna Dravida Munnetra Kazhagam,6253,27/27,Result Declared,DMK,AIADMK,Tenkasi
Kalasapakkam,65,AGRI KRISHNAMURTHY. S S,All India Anna Dravida Munnetra Kazhagam,SARAVANAN. P.S.T,Dravida Munnetra Kazhagam,26740,24/24,Result Declared,AIADMK,DMK,Tiruvannamalai
Kallakurichi,80,ARUL VIGNESH C,Tamilaga Vettri Kazhagam,RAJEEVGANDHI S,All India Anna Dravida Munnetra Kazhagam,798,27/27,Result Declared,TVK,AIADMK,Kallakurichi
Kancheepuram,37,R.V. RANJITHKUMAR,Tamilaga Vettri Kazhagam,V. SOMASUNDARAM,All India Anna Dravida Munnetra Kazhagam,15488,26/26,Result Declared,TVK,AIADMK,Kancheepuram
Kangayam,102,NSN NATARAJ,All India Anna Dravida Munnetra Kazhagam,MANI GOUNDER,Tamilaga Vettri Kazhagam,8133,24/24,Result Declared,AIADMK,TVK,Tiruppur
Kanniyakumari,229,THALAVAI SUNDARAM. N,All India Anna Dravida Munnetra Kazhagam,MAHESH.R,Dravida Munnetra Kazhagam,214,34/34,Result Declared,AIADMK,DMK,Kanniyakumari
Karaikudi,184,DR.PRABHU. TK,Tamilaga Vettri Kazhagam,MANGUDI. S,Indian National Congress,46074,30/30,Result Declared,TVK,INC,Sivaganga
Karur,135,M.R. VIJAYABHASKAR,All India Anna Dravida Munnetra Kazhagam,MATHIYALAGAN V.P,Tamilaga Vettri Kazhagam,1821,21/21,Result Declared,AIADMK,TVK,Karur
Katpadi,40,DR M SUDHAKAR,Tamilaga Vettri Kazhagam,V. RAMU,All India Anna Dravida Munnetra Kazhagam,5870,21/21,Result Declared,TVK,AIADMK,Vellore
Kattumannarkoil,159,L.E. JOTHIMANI,Viduthalai Chiruthaigal Katchi,A. SOZHAN,Pattali Makkal Katchi,33063,22/22,Result Declared,VCK,PMK,Cuddalore
Kavundampalayam,117,KANIMOZHI SANTHOSH,Tamilaga Vettri Kazhagam,ARUNKUMAR PRG,All India Anna Dravida Munnetra Kazhagam,42140,28/28,Result Declared,TVK,AIADMK,Coimbatore
Killiyoor,234,RAJESH KUMAR. S,Indian National Congress,SABIN. S,Tamilaga Vettri Kazhagam,1311,23/23,Result Declared,INC,TVK,Kanniyakumari
Kilpennathur,64,RAMACHANDRAN.S,All India Anna Dravida Munnetra Kazhagam,PITCHANDI.K,Dravida Munnetra Kazhagam,30465,23/23,Result Declared,AIADMK,DMK,Tiruvannamalai
Kilvaithinankuppam,45,THENRAL KUMAR. E,Tamilaga Vettri Kazhagam,JEGAN MOORTHY. M,All India Anna Dravida Munnetra Kazhagam,20255,19/19,Result Declared,TVK,AIADMK,Vellore
Kilvelur,164,LATHA. T,Communist Party of India (Marxist),SENTHIL PANDIAN. P,Tamilaga Vettri Kazhagam,2278,17/17,Result Declared,CPI(M),TVK,Nagapattinam
Kinathukadavu,122,VIGNESH K,Tamilaga Vettri Kazhagam,SABARI KARTHIKEYAN K.V.K.S,Dravida Munnetra Kazhagam,11710,31/31,Result Declared,TVK,DMK,Coimbatore
Kolathur,13,V. S. BABU,Tamilaga Vettri Kazhagam,M. K. STALIN,Dravida Munnetra Kazhagam,8795,22/22,Result Declared,TVK,DMK,Chennai
Kovilpatti,218,KARUNANITHI.K,Dravida Munnetra Kazhagam,BALASUBRAMANIAN.S,Tamilaga Vettri Kazhagam,843,25/25,Result Declared,DMK,TVK,Thoothukudi
Krishnagiri,53,MUKUNDHAN.P,Tamilaga Vettri Kazhagam,ASHOKKUMAR.K,All India Anna Dravida Munnetra Kazhagam,18844,25/25,Result Declared,TVK,AIADMK,Krishnagiri
Krishnarayapuram,136,SATHYA. M,Tamilaga Vettri Kazhagam,DR. DHIVYA. S,All India Anna Dravida Munnetra Kazhagam,3503,21/21,Result Declared,TVK,AIADMK,Karur
Kulithalai,137,SURIYANUR. A. CHANDRAN,Dravida Munnetra Kazhagam,G.BALASUBRAMANI,Tamilaga Vettri Kazhagam,579,21/21,Result Declared,DMK,TVK,Perambalur
Kumarapalayam,97,C.VIJAYALAKSHMI,Tamilaga Vettri Kazhagam,P.THANGAMANI,All India Anna Dravida Munnetra Kazhagam,7696,24/24,Result Declared,TVK,AIADMK,Erode
Kumbakonam,171,VINOTH,Tamilaga Vettri Kazhagam,ANBALAGAN G,Dravida Munnetra Kazhagam,679,23/23,Result Declared,TVK,DMK,Thanjavur
Kunnam,148,SIVASANKAR. S.S,Dravida Munnetra Kazhagam,SARANYA. A,All India Anna Dravida Munnetra Kazhagam,15557,25/25,Result Declared,DMK,AIADMK,Perambalur
Kurinjipadi,156,M.R.K.PANNEERSELVAM,Dravida Munnetra Kazhagam,A BHUVANENTHIRAN,All India Anna Dravida Munnetra Kazhagam,7589,20/20,Result Declared,DMK,AIADMK,Cuddalore
Lalgudi,143,LEEMAROSE MARTIN,All India Anna Dravida Munnetra Kazhagam,KU PA KRISHNAN,Tamilaga Vettri Kazhagam,2739,21/21,Result Declared,AIADMK,TVK,Tiruchirappalli
Madathukulam,126,R JAYARAMAKRISHNAN,Dravida Munnetra Kazhagam,C SHANMUGAVELU,Amma Makkal Munnettra Kazagam,15968,22/22,Result Declared,DMK,AMMK,Tiruppur
Madavaram,9,M.L.VIJAYPRABHU,Tamilaga Vettri Kazhagam,S.SUDHARSANAM,Dravida Munnetra Kazhagam,94985,19/19,Result Declared,TVK,DMK,Thiruvallur
Madurai central,193,MADHAR BADHURUDEEN,Tamilaga Vettri Kazhagam,PALANIVEL THIAGA RAJAN,Dravida Munnetra Kazhagam,19128,19/19,Result Declared,TVK,DMK,Madurai
Madurai east,189,KARTHIKEYAN S,Tamilaga Vettri Kazhagam,MOORTHY P,Dravida Munnetra Kazhagam,16547,29/29,Result Declared,TVK,DMK,Madurai
Madurai north,191,A.KALLANAI,Tamilaga Vettri Kazhagam,G.THALAPATHI,Dravida Munnetra Kazhagam,18038,19/19,Result Declared,TVK,DMK,Madurai
Madurai south,192,M.M.GOPISON,Tamilaga Vettri Kazhagam,M.BOOMINATHAN,Dravida Munnetra Kazhagam,21529,17/17,Result Declared,TVK,DMK,Madurai
Madurai west,194,THANGAPANDI SR,Tamilaga Vettri Kazhagam,BALAJI R,Dravida Munnetra Kazhagam,11931,27/27,Result Declared,TVK,DMK,Madurai
Madurantakam,35,MARAGATHAM KUMARAVEL.K,All India Anna Dravida Munnetra Kazhagam,EZHIL KATHARINE EZHILMALAI,Tamilaga Vettri Kazhagam,7194,22/22,Result Declared,AIADMK,TVK,Chengalpattu
Maduravoyal,7,RHEVANTH CHARAN,Tamilaga Vettri Kazhagam,GANAPATHY. K,Dravida Munnetra Kazhagam,61509,27/27,Result Declared,TVK,DMK,Chennai
Mailam,71,SHANMUGAM C VE,All India Anna Dravida Munnetra Kazhagam,VIJAY NIRANJAN A,Tamilaga Vettri Kazhagam,30041,21/21,Result Declared,AIADMK,TVK,Viluppuram
Manachanallur,144,KATHIRAVAN. S,Dravida Munnetra Kazhagam,V.SARAVANAN,Tamilaga Vettri Kazhagam,12364,22/22,Result Declared,DMK,TVK,Tiruchirappalli
Manamadurai,187,ELANGOVAN.D,Tamilaga Vettri Kazhagam,TAMILARASI.A,Dravida Munnetra Kazhagam,1208,27/27,Result Declared,TVK,DMK,Sivaganga
Manapparai,138,R. KATHIRAVAN,Tamilaga Vettri Kazhagam,DR. PL. VIJAYAKUMAR,All India Anna Dravida Munnetra Kazhagam,1426,26/26,Result Declared,TVK,AIADMK,Tiruchirappalli
Mannargudi,167,KAMARAJ. S,Amma Makkal Munnettra Kazagam,RAJAA.T.R.B,Dravida Munnetra Kazhagam,1566,22/22,Result Declared,AMMK,DMK,Nagapattinam
Mayiladuthurai,161,JAMAL MOHAMED YOUNOOS. Y.N,Indian National Congress,PALANISAMY. A  M.COM.,Pattali Makkal Katchi,10845,22/22,Result Declared,INC,PMK,Mayiladuthurai
Melur,188,P.VISWANATHAN,Indian National Congress,A.MADURAIVEERAN,Tamilaga Vettri Kazhagam,2724,21/21,Result Declared,INC,TVK,Madurai
Mettuppalayam,111,SUNILANAND,Tamilaga Vettri Kazhagam,SMT.KAVITHA KALYANASUNDARAM,Dravida Munnetra Kazhagam,7768,27/27,Result Declared,TVK,DMK,Coimbatore
Mettur,85,VENKATACHALAM. G,All India Anna Dravida Munnetra Kazhagam,MIDHUN CHAKRAVARTHY. M,Dravida Munnetra Kazhagam,19105,30/30,Result Declared,AIADMK,DMK,Dharmapuri
Modakkurichi,100,D.SHANMUGAN,Tamilaga Vettri Kazhagam,S.KIRTHIKA,Bharatiya Janata Party,2430,21/21,Result Declared,TVK,BJP,Erode
Mudhukulathur,212,R.S.RAJAKANNAPPAN,Dravida Munnetra Kazhagam,MALARVIZHI. B,Tamilaga Vettri Kazhagam,16598,31/31,Result Declared,DMK,TVK,Ramanathapuram
Musiri,145,M.VIGNESH,Tamilaga Vettri Kazhagam,N.S.KARUNAIRAAJA,Dravida Munnetra Kazhagam,17442,21/21,Result Declared,TVK,DMK,Tiruchirappalli
Mylapore,25,VENKATARAMANAN. P,Tamilaga Vettri Kazhagam,VELU. DHA,Dravida Munnetra Kazhagam,28972,21/21,Result Declared,TVK,DMK,Chennai
Nagapattinam,163,M.H.JAWAHIRULLAH,Dravida Munnetra Kazhagam,M.SUGUMAR,Tamilaga Vettri Kazhagam,9781,19/19,Result Declared,DMK,TVK,Nagapattinam
Nagercoil,230,AUSTIN,Dravida Munnetra Kazhagam,BERVIN KINGS G,Tamilaga Vettri Kazhagam,7570,23/23,Result Declared,DMK,TVK,Kanniyakumari
Namakkal,94,DILIP C S,Tamilaga Vettri Kazhagam,SRIDEVI MOHAN P S,All India Anna Dravida Munnetra Kazhagam,11008,23/23,Result Declared,TVK,AIADMK,Namakkal
Nanguneri,227,REDDIARPATTI V. NARAYANAN,Tamilaga Vettri Kazhagam,RUBY.R.MANOHARAN,Indian National Congress,16419,25/25,Result Declared,TVK,INC,Tirunelveli
Nannilam,169,KAMARAJ. R,All India Anna Dravida Munnetra Kazhagam,MOHAMED MUBARAK,Dravida Munnetra Kazhagam,41724,25/25,Result Declared,AIADMK,DMK,Thiruvarur
Natham,131,NATHAM VISWANATHAN R,All India Anna Dravida Munnetra Kazhagam,SELVAKUMAR K,Dravida Munnetra Kazhagam,11869,27/27,Result Declared,AIADMK,DMK,Dindigul
Neyveli,153,RAJENDRAN.R,All India Anna Dravida Munnetra Kazhagam,SABA.RAJENDRAN,Dravida Munnetra Kazhagam,10962,20/20,Result Declared,AIADMK,DMK,Cuddalore
Nilakkottai,130,AYYANAR.R,Tamilaga Vettri Kazhagam,NAGAJOTHI.S,Dravida Munnetra Kazhagam,2925,25/25,Result Declared,TVK,DMK,Dindigul
Oddanchatram,128,SAKKARAPANI. R,Dravida Munnetra Kazhagam,VIDIYAL S. SEKAR,Bharatiya Janata Party,43249,26/26,Result Declared,DMK,BJP,Dindigul
Omalur,84,MANI. R,All India Anna Dravida Munnetra Kazhagam,ADHIYAMAAN. R.V,Tamilaga Vettri Kazhagam,14539,26/26,Result Declared,AIADMK,TVK,Salem
Orathanadu,175,R. VAITHILINGAM,Dravida Munnetra Kazhagam,DR. K. ARVIND,Tamilaga Vettri Kazhagam,35028,24/24,Result Declared,DMK,TVK,Thanjavur
Ottapidaram,217,P .MATHANRAJA,Tamilaga Vettri Kazhagam,P.M.RAMAJEYAM,Dravida Munnetra Kazhagam,29083,24/24,Result Declared,TVK,DMK,Thoothukudi
Padmanabhapuram,232,CHELLASWAMY. R,Communist Party of India (Marxist),KRISHNA KUMAR. S,Tamilaga Vettri Kazhagam,15569,24/24,Result Declared,CPI(M),TVK,Kanniyakumari
Palacodu,57,ANBALAGAN. K.P.,All India Anna Dravida Munnetra Kazhagam,GOPI. R.,Tamilaga Vettri Kazhagam,39042,23/23,Result Declared,AIADMK,TVK,Dharmapuri
Palani,127,RAVIMANOHARAN. K,All India Anna Dravida Munnetra Kazhagam,DR. PRAVEEN KUMAR. M,Tamilaga Vettri Kazhagam,693,27/27,Result Declared,AIADMK,TVK,Dindigul
Palayamkottai,226,M.ABDUL WAHAB,Dravida Munnetra Kazhagam,MARIA JOHN,Tamilaga Vettri Kazhagam,13805,22/22,Result Declared,DMK,TVK,Tirunelveli
Palladam,115,K.RAMKUMAR,Tamilaga Vettri Kazhagam,K.P.PARAMASIVAM,All India Anna Dravida Munnetra Kazhagam,37897,35/35,Result Declared,TVK,AIADMK,Tiruppur
Pallavaram,30,J.KAMATCHI,Tamilaga Vettri Kazhagam,D.MURUGESAN,Desiya Murpokku Dravida Kazhagam,54693,35/35,Result Declared,TVK,DMDK,Chengalpattu
Panruti,154,MOHAN. K,All India Anna Dravida Munnetra Kazhagam,ABDUR RAHMAN. A.R,Viduthalai Chiruthaigal Katchi,10663,23/23,Result Declared,AIADMK,VCK,Cuddalore
Papanasam,172,A.M. SHAHJAHAN,Indian Union Muslim League,AZARUDEEN UDUMAN ALI,Tamilaga Vettri Kazhagam,1065,23/23,Result Declared,IUML,TVK,Thanjavur
Pappireddipatti,60,MARAGATHAM VETRIVEL,All India Anna Dravida Munnetra Kazhagam,PALANIAPPAN. P,Dravida Munnetra Kazhagam,33114,25/25,Result Declared,AIADMK,DMK,Dharmapuri
Paramakudi,209,ADVOCATE. KATHIRAVAN. K.K,Dravida Munnetra Kazhagam,GOPIRAJAN. G,Tamilaga Vettri Kazhagam,3548,25/25,Result Declared,DMK,TVK,Ramanathapuram
Paramathi-velur,95,SEKAR S,All India Anna Dravida Munnetra Kazhagam,MOORTHIY K S,Dravida Munnetra Kazhagam,308,20/20,Result Declared,AIADMK,DMK,Namakkal
Pattukkottai,176,ANNADURAI K,Dravida Munnetra Kazhagam,MATHAN C,Tamilaga Vettri Kazhagam,13754,24/24,Result Declared,DMK,TVK,Thanjavur
Pennagaram,58,GAJENDRAN. S.,Tamilaga Vettri Kazhagam,SELVAM. V.,Pattali Makkal Katchi,3165,23/23,Result Declared,TVK,PMK,Dharmapuri
Perambalur,147,SIVAKUMAR. K,Tamilaga Vettri Kazhagam,DR. JAYALAKSHMI. S.T,Dravida Munnetra Kazhagam,14393,28/28,Result Declared,TVK,DMK,Perambalur
Perambur,12,C. JOSEPH VIJAY,Tamilaga Vettri Kazhagam,R.D. SHEKAR,Dravida Munnetra Kazhagam,53715,23/23,Result Declared,TVK,DMK,Chennai
Peravurani,177,ASHOKKUMAR. N,Dravida Munnetra Kazhagam,GOVI.ELANGO,All India Anna Dravida Munnetra Kazhagam,3162,21/21,Result Declared,DMK,AIADMK,Thanjavur
Periyakulam,199,SABARI IYNGARAN G.,Tamilaga Vettri Kazhagam,SAKTHIVEL P.,Viduthalai Chiruthaigal Katchi,19321,26/26,Result Declared,TVK,VCK,Theni
Perundurai,103,JAYAKUMAR. S,All India Anna Dravida Munnetra Kazhagam,THOPPU VENKATACHALAM (ALIAS) N.D. VENKATACHALAM,Dravida Munnetra Kazhagam,9693,22/22,Result Declared,AIADMK,DMK,Erode
Pollachi,123,K. NITHYANANDHAN,Dravida Munnetra Kazhagam,POLLACHI V. JAYARAMAN,All India Anna Dravida Munnetra Kazhagam,4627,22/22,Result Declared,DMK,AIADMK,Coimbatore
Polur,66,ABISHEK. R,Tamilaga Vettri Kazhagam,SARAVANAN. P,Desiya Murpokku Dravida Kazhagam,227,22/22,Result Declared,TVK,DMDK,Tiruvannamalai
Ponneri,2,DR.RAVI.M.S,Tamilaga Vettri Kazhagam,DURAI CHANDRASEKAR,Indian National Congress,55768,26/26,Result Declared,TVK,INC,Thiruvallur
Poompuhar,162,NIVEDHA M MURUGAN,Dravida Munnetra Kazhagam,PAVUNRAJ. S,All India Anna Dravida Munnetra Kazhagam,8260,25/25,Result Declared,DMK,AIADMK,Mayiladuthurai
Poonamallee,5,PRAKASAM.R,Tamilaga Vettri Kazhagam,KRISHNASWAMY.A,Dravida Munnetra Kazhagam,72740,25/25,Result Declared,TVK,DMK,Thiruvallur
Pudukkottai,180,V. MUTHURAJA,Dravida Munnetra Kazhagam,K.M. SHARIFF,Tamilaga Vettri Kazhagam,1867,22/22,Result Declared,DMK,TVK,Pudukkottai
Radhapuram,228,DR.SATHISH CHRISTOPHER,Tamilaga Vettri Kazhagam,APPAVU.M,Dravida Munnetra Kazhagam,12313,26/26,Result Declared,TVK,DMK,Tirunelveli
Rajapalayam,202,JEGADESHWARI. K,Tamilaga Vettri Kazhagam,THANGAPANDIAN. S,Dravida Munnetra Kazhagam,10605,21/21,Result Declared,TVK,DMK,Virudhunagar
Ramanathapuram,211,KATHARBATCHA MUTHURAMALINGAM,Dravida Munnetra Kazhagam,SHAHUL HAMEED,Tamilaga Vettri Kazhagam,12459,31/31,Result Declared,DMK,TVK,Ramanathapuram
Ranipet,41,THAHIRA,Tamilaga Vettri Kazhagam,R. GANDHI,Dravida Munnetra Kazhagam,5787,22/22,Result Declared,TVK,DMK,Ranipet
Rasipuram,92,LOGESH TAMILSELVAN D,Tamilaga Vettri Kazhagam,PREMKUMAR S D,Bharatiya Janata Party,14511,21/21,Result Declared,TVK,BJP,Namakkal
Rishivandiyam,78,KARTHIKEYAN K,Dravida Munnetra Kazhagam,ASHOK KUMAR G,Tamilaga Vettri Kazhagam,4862,25/25,Result Declared,DMK,TVK,Kallakurichi
Royapuram,17,K.V. VIJAY DAMU,Tamilaga Vettri Kazhagam,DR. A. SUBAIR KHAN,Dravida Munnetra Kazhagam,14249,15/15,Result Declared,TVK,DMK,Chennai
Saidapet,23,ARUL PRAKASAM. M,Tamilaga Vettri Kazhagam,SUBRAMANIAN. MA,Dravida Munnetra Kazhagam,28514,21/21,Result Declared,TVK,DMK,Chennai
Salem (north),89,SIVAKUMAR. K,Tamilaga Vettri Kazhagam,RAJENDRAN. R,Dravida Munnetra Kazhagam,14034,23/23,Result Declared,TVK,DMK,Salem
Salem (south),90,VIJAY TAMILAN PARTHIBAN. A,Tamilaga Vettri Kazhagam,LOGANATHAN. M,Dravida Munnetra Kazhagam,33369,20/20,Result Declared,TVK,DMK,Salem
Salem (west),88,LAKSHMANAN.S,Tamilaga Vettri Kazhagam,KARTHE.M,Pattali Makkal Katchi,74867,24/24,Result Declared,TVK,PMK,Salem
Sankarankovil,219,DR. DHILIPAN JAISHANKAR,All India Anna Dravida Munnetra Kazhagam,C. RAMARAJAN,Tamilaga Vettri Kazhagam,6489,24/24,Result Declared,AIADMK,TVK,Tenkasi
Sankarapuram,79,RAKESH R,All India Anna Dravida Munnetra Kazhagam,UDHAYASURIYAN T,Dravida Munnetra Kazhagam,3440,25/25,Result Declared,AIADMK,DMK,Kallakurichi
Sankari,87,VETRIVEL. S,All India Anna Dravida Munnetra Kazhagam,SENTHILKUMAR. K,Tamilaga Vettri Kazhagam,9517,25/25,Result Declared,AIADMK,TVK,Namakkal
Sattur,204,KADARKARAIRAJ. A,Dravida Munnetra Kazhagam,NAINAR NAGENTHRAN,Bharatiya Janata Party,5989,21/21,Result Declared,DMK,BJP,Virudhunagar
Senthamangalam,93,P CHANDRASEKAR,Tamilaga Vettri Kazhagam,C CHANDRASEKARAN,All India Anna Dravida Munnetra Kazhagam,2655,23/23,Result Declared,TVK,AIADMK,Namakkal
Sholavandan,190,KARUPPAIAH.M.V,Tamilaga Vettri Kazhagam,VENKATESAN.A,Dravida Munnetra Kazhagam,2678,19/19,Result Declared,TVK,DMK,Theni
Sholingur,39,G.KAPIL,Tamilaga Vettri Kazhagam,K.SARAVANAN,Pattali Makkal Katchi,5686,26/26,Result Declared,TVK,PMK,Ranipet
Shozhinganallur,27,ECR P SARAVANAN,Tamilaga Vettri Kazhagam,S. ARAVIND RAMESH,Dravida Munnetra Kazhagam,96780,33/33,Result Declared,TVK,DMK,Chennai
Singanallur,121,K.S.SRI GIRI PRASATH,Tamilaga Vettri Kazhagam,V.SRINIDHI,Indian National Congress,19139,27/27,Result Declared,TVK,INC,Coimbatore
Sirkazhi,160,SENTHILSELVAN.R,Dravida Munnetra Kazhagam,SAKTHI.M,All India Anna Dravida Munnetra Kazhagam,11417,23/23,Result Declared,DMK,AIADMK,Mayiladuthurai
Sivaganga,186,KULANTHAI RANI A,Tamilaga Vettri Kazhagam,SENTHILNATHAN PR,All India Anna Dravida Munnetra Kazhagam,15081,31/31,Result Declared,TVK,AIADMK,Sivaganga
Sivakasi,205,KEERTHANA S,Tamilaga Vettri Kazhagam,ASHOKAN G,Indian National Congress,11670,22/22,Result Declared,TVK,INC,Virudhunagar
Sriperumbudur,29,THENNARASU.K,Tamilaga Vettri Kazhagam,K. SELVAPERUNTHAGAI,Indian National Congress,54246,33/33,Result Declared,TVK,INC,Kancheepuram
Srirangam,139,RAMESH,Tamilaga Vettri Kazhagam,S. DURAIRAJ,Dravida Munnetra Kazhagam,33590,28/28,Result Declared,TVK,DMK,Tiruchirappalli
Srivaikuntam,216,SARAVANAN. G,Tamilaga Vettri Kazhagam,SHANMUGANATHAN. S. P,All India Anna Dravida Munnetra Kazhagam,1186,21/21,Result Declared,TVK,AIADMK,Thoothukudi
Srivilliputhur,203,KARTHIK.A,Tamilaga Vettri Kazhagam,MAHALINGAM.P,Communist Party of India,8581,24/24,Result Declared,TVK,CPI,Virudhunagar
Sulur,116,NM.SUKUMAR,Tamilaga Vettri Kazhagam,V.P.KANDASAMY,All India Anna Dravida Munnetra Kazhagam,4790,30/30,Result Declared,TVK,AIADMK,Coimbatore
Tambaram,31,D.SARATHKUMAR,Tamilaga Vettri Kazhagam,R.S.KIRUTHIKA DEVI,Dravida Munnetra Kazhagam,35621,39/39,Result Declared,TVK,DMK,Chengalpattu
Tenkasi,222,DR.KALAI KATHIRAVAN,Dravida Munnetra Kazhagam,S.SELVA MOHANDAS PANDIAN,All India Anna Dravida Munnetra Kazhagam,10299,26/26,Result Declared,DMK,AIADMK,Tenkasi
Thalli,56,RAMACHANDRAN. T,Communist Party of India,DR.NAGESH KUMAR. C,Bharatiya Janata Party,5240,24/24,Result Declared,CPI,BJP,Krishnagiri
Thanjavur,174,R. VIJAYSARAVANAN,Tamilaga Vettri Kazhagam,SHAN. RAMANATHAN,Dravida Munnetra Kazhagam,16955,24/24,Result Declared,TVK,DMK,Thanjavur
Thiru-vi-ka-nagar,15,M. R. PALLAVI,Tamilaga Vettri Kazhagam,K. S. RAVICHANDRAN,Dravida Munnetra Kazhagam,22333,17/17,Result Declared,TVK,DMK,Chennai
Thirumangalam,196,MANIMARAN.M,Dravida Munnetra Kazhagam,UDHAYAKUMAR.R.B,All India Anna Dravida Munnetra Kazhagam,23807,26/26,Result Declared,DMK,AIADMK,Madurai
Thirumayam,181,REGUPATHY.S,Dravida Munnetra Kazhagam,CHINTHAMANI.C,Tamilaga Vettri Kazhagam,1492,22/22,Result Declared,DMK,TVK,Pudukkottai
Thiruparankundram,195,NIRMALKUMAR. R.,Tamilaga Vettri Kazhagam,KIRUTHIGA THANGAPANDI,Dravida Munnetra Kazhagam,41553,27/27,Result Declared,TVK,DMK,Madurai
Thiruporur,33,B.VIJAYARAJ,Tamilaga Vettri Kazhagam,R. PANNEERDOSS,Viduthalai Chiruthaigal Katchi,39351,33/33,Result Declared,TVK,VCK,Chengalpattu
Thiruthuraipoondi,166,MARIMUTHU.K,Communist Party of India,PANDIYAN.S,Tamilaga Vettri Kazhagam,12922,21/21,Result Declared,CPI,TVK,Thiruvarur
Thiruvaiyaru,173,DURAI. CHANDRASEKARAN,Dravida Munnetra Kazhagam,MATHI. MANIKANDAN,Tamilaga Vettri Kazhagam,8555,25/25,Result Declared,DMK,TVK,Thanjavur
Thiruvallur,4,DR. T. ARUNKUMAR,Tamilaga Vettri Kazhagam,V.G. RAAJENDRAN,Dravida Munnetra Kazhagam,24760,24/24,Result Declared,TVK,DMK,Thiruvallur
Thiruvarur,168,KALAIVANAN POONDI K,Dravida Munnetra Kazhagam,VEERAMANI V,Tamilaga Vettri Kazhagam,18148,25/25,Result Declared,DMK,TVK,Thiruvarur
Thiruverumbur,142,VIJAYAKUMAR (A) NAVALPATTU S. VIJI,Tamilaga Vettri Kazhagam,ANBIL MAHESH POYYAMOZHI,Dravida Munnetra Kazhagam,8705,24/24,Result Declared,TVK,DMK,Tiruchirappalli
Thiruvidaimarudur,170,GOVI.CHEZHIAAN,Dravida Munnetra Kazhagam,S.PRABAKARAN,Tamilaga Vettri Kazhagam,14116,25/25,Result Declared,DMK,TVK,Thanjavur
Thiruvottiyur,10,SENTHIL KUMAR. N,Tamilaga Vettri Kazhagam,SUNDARARAJ. L,Communist Party of India (Marxist),53564,26/26,Result Declared,TVK,CPI(M),Chennai
Thiyagarayanagar,24,ANAND N,Tamilaga Vettri Kazhagam,SATHIYANARAYANAN B,All India Anna Dravida Munnetra Kazhagam,13027,18/18,Result Declared,TVK,AIADMK,Chennai
Thondamuthur,119,S.P.VELUMANI,All India Anna Dravida Munnetra Kazhagam,SATHISH RAJU (ALIAS) K.P.R. SATHISH,Tamilaga Vettri Kazhagam,14725,28/28,Result Declared,AIADMK,TVK,Coimbatore
Thoothukkudi,214,SRINATH,Tamilaga Vettri Kazhagam,P. GEETHA JEEVAN,Dravida Munnetra Kazhagam,37731,26/26,Result Declared,TVK,DMK,Thoothukudi
Thousand lights,20,PRABHAKAR.J.C.D,Tamilaga Vettri Kazhagam,EZHILAN NAGANATHAN,Dravida Munnetra Kazhagam,15141,18/18,Result Declared,TVK,DMK,Chennai
Thuraiyur,146,RAVISANKAR.M,Tamilaga Vettri Kazhagam,E.SAROJA,All India Anna Dravida Munnetra Kazhagam,9614,23/23,Result Declared,TVK,AIADMK,Tiruchirappalli
Tindivanam,72,VANNI ARASU,Viduthalai Chiruthaigal Katchi,ARJUNAN. P,All India Anna Dravida Munnetra Kazhagam,734,23/23,Result Declared,VCK,AIADMK,Viluppuram
Tiruchendur,215,ANITHA R. RADHAKRISHNAN,Dravida Munnetra Kazhagam,J. MURUGAN,Tamilaga Vettri Kazhagam,5872,22/22,Result Declared,DMK,TVK,Thoothukudi
Tiruchengodu,96,ARUNRAJ K G,Tamilaga Vettri Kazhagam,SRMT SEKAR (A) CHANDRASEKAR R,All India Anna Dravida Munnetra Kazhagam,28172,22/22,Result Declared,TVK,AIADMK,Namakkal
Tiruchirappalli (east),141,C. JOSEPH VIJAY,Tamilaga Vettri Kazhagam,S. INIGO IRUDAYARAJ,Dravida Munnetra Kazhagam,27416,28/28,Result Declared,TVK,DMK,Tiruchirappalli
Tiruchirappalli (west),140,K.N.NEHRU,Dravida Munnetra Kazhagam,G.RAMAMOORTHI,Tamilaga Vettri Kazhagam,4786,24/24,Result Declared,DMK,TVK,Tiruchirappalli
Tiruchuli,208,THANGAM THENARASU,Dravida Munnetra Kazhagam,SAMAYAN.S,Tamilaga Vettri Kazhagam,13485,23/23,Result Declared,DMK,TVK,Virudhunagar
Tirukkoyilur,76,PALANISAMY S,All India Anna Dravida Munnetra Kazhagam,VIJAY R BARANIBALAAJI,Tamilaga Vettri Kazhagam,285,24/24,Result Declared,AIADMK,TVK,Kallakurichi
Tirunelveli,224,MURUGHAN.R.S.,Tamilaga Vettri Kazhagam,SUBRAMANIAN.S,Dravida Munnetra Kazhagam,11414,28/28,Result Declared,TVK,DMK,Tirunelveli
Tiruppattur,50,DR.THIRUPATHI. N,Tamilaga Vettri Kazhagam,NALLATHAMBI. A,Dravida Munnetra Kazhagam,48263,23/23,Result Declared,TVK,DMK,Tirupattur
Tiruppattur,185,SEENIVASA SETHUPATHY. R,Tamilaga Vettri Kazhagam,PERIAKARUPPAN. KR,Dravida Munnetra Kazhagam,1,30/30,Result Declared,TVK,DMK,Tirupattur
Tiruppur (north),113,V.SATHYABAMA,Tamilaga Vettri Kazhagam,M.S.M.ANANDAN,All India Anna Dravida Munnetra Kazhagam,69992,34/34,Result Declared,TVK,AIADMK,Tiruppur
Tiruppur (south),114,BALAMURUGAN. S,Tamilaga Vettri Kazhagam,DINESHKUMAR. N,Dravida Munnetra Kazhagam,12901,21/21,Result Declared,TVK,DMK,Tiruppur
Tiruttani,3,G.HARI,All India Anna Dravida Munnetra Kazhagam,M.SATHYA KUMAR,Tamilaga Vettri Kazhagam,5793,27/27,Result Declared,AIADMK,TVK,Thiruvallur
Tiruvadanai,210,RAJEEV,Tamilaga Vettri Kazhagam,RM. KARUMANICKAM,Indian National Congress,2513,28/28,Result Declared,TVK,INC,Ramanathapuram
Tiruvannamalai,63,VELU. E.V,Dravida Munnetra Kazhagam,ARUL ARUMUGAM,Tamilaga Vettri Kazhagam,2455,23/23,Result Declared,DMK,TVK,Tiruvannamalai
Tittakudi,151,GANESAN C.V,Dravida Munnetra Kazhagam,RAJASEKAR A,Tamilaga Vettri Kazhagam,2629,21/21,Result Declared,DMK,TVK,Perambalur
Udhagamandalam,108,BHOJARAJAN.M,Bharatiya Janata Party,IBRAHIM.R,Tamilaga Vettri Kazhagam,976,21/21,Result Declared,BJP,TVK,Nilgiris
Udumalaipettai,125,JAYAKUMAR M.,Dravida Munnetra Kazhagam,RADHAKRISHNAN K.,All India Anna Dravida Munnetra Kazhagam,2882,22/22,Result Declared,DMK,AIADMK,Tiruppur
Ulundurpettai,77,VASANTHAVEL G R,Dravida Munnetra Kazhagam,KUMARAGURU R,All India Anna Dravida Munnetra Kazhagam,2277,29/29,Result Declared,DMK,AIADMK,Kallakurichi
Usilampatti,197,VIJAY. M,Tamilaga Vettri Kazhagam,MAHENDRAN. I,All India Anna Dravida Munnetra Kazhagam,1805,25/25,Result Declared,TVK,AIADMK,Theni
Uthangarai,51,N ELAIYARAJA,Tamilaga Vettri Kazhagam,T M TAMILSELVAM,All India Anna Dravida Munnetra Kazhagam,5198,25/25,Result Declared,TVK,AIADMK,Krishnagiri
Uthiramerur,36,MUNIRATHINAM.J,Tamilaga Vettri Kazhagam,SUNDAR.K,Dravida Munnetra Kazhagam,14223,24/24,Result Declared,TVK,DMK,Kancheepuram
Valparai,124,KUTTY (ALIAS) SUDHAKAR. A,Dravida Munnetra Kazhagam,DR. SRIDHARAN. A,Tamilaga Vettri Kazhagam,9371,19/19,Result Declared,DMK,TVK,Coimbatore
Vandavasi,69,AMBETHKUMAR. S,Dravida Munnetra Kazhagam,RANI. P,All India Anna Dravida Munnetra Kazhagam,3333,21/21,Result Declared,DMK,AIADMK,Tiruvannamalai
Vaniyambadi,47,SYED FAROOQ BASHA SSB,Indian Union Muslim League,SYED BHURHANUDEEN,Tamilaga Vettri Kazhagam,2982,24/24,Result Declared,IUML,TVK,Tirupattur
Vanur,73,GOWTHAM D,Dravida Munnetra Kazhagam,SURESH P,Tamilaga Vettri Kazhagam,7034,23/23,Result Declared,DMK,TVK,Viluppuram
Vasudevanallur,220,E. RAJA,Dravida Munnetra Kazhagam,ANANTHAN AYYASAMY,Bharatiya Janata Party,6583,23/23,Result Declared,DMK,BJP,Tenkasi
Vedaranyam,165,MANIAN. O.S,All India Anna Dravida Munnetra Kazhagam,PUGAZHENDI. M,Dravida Munnetra Kazhagam,7331,18/18,Result Declared,AIADMK,DMK,Nagapattinam
Vedasandur,133,SAMINATHAN. T,Dravida Munnetra Kazhagam,PARAMASIVAM. V.P.B.,All India Anna Dravida Munnetra Kazhagam,10063,27/27,Result Declared,DMK,AIADMK,Karur
Veerapandi,91,PALANIVEL. M.S,Tamilaga Vettri Kazhagam,SRI BALAJI SUGUMAR. S,All India Anna Dravida Munnetra Kazhagam,4071,23/23,Result Declared,TVK,AIADMK,Salem
Velachery,26,KUMAR. R,Tamilaga Vettri Kazhagam,ASHOK. M.K,All India Anna Dravida Munnetra Kazhagam,33305,23/23,Result Declared,TVK,AIADMK,Chennai
Vellore,43,M.M.VINOTH KANNAN,Tamilaga Vettri Kazhagam,P.KARTHIKEYAN,Dravida Munnetra Kazhagam,6777,22/22,Result Declared,TVK,DMK,Vellore
Veppanahalli,54,SRINIVASAN.P.S,Dravida Munnetra Kazhagam,MUNUSAMY.K.P,All India Anna Dravida Munnetra Kazhagam,138,27/27,Result Declared,DMK,AIADMK,Krishnagiri
Vikravandi,75,SIVAKUMAR C,Pattali Makkal Katchi,VIJAI VADIVEL A,Tamilaga Vettri Kazhagam,910,23/23,Result Declared,PMK,TVK,Viluppuram
Vilathikulam,213,MARKANDAYAN G V,Dravida Munnetra Kazhagam,P. KASIRAM,Tamilaga Vettri Kazhagam,8228,20/20,Result Declared,DMK,TVK,Thoothukudi
Vilavancode,233,PRAVEEN T.T,Indian National Congress,MICHAEL KUMAR K,Tamilaga Vettri Kazhagam,20970,22/22,Result Declared,INC,TVK,Kanniyakumari
Villivakkam,14,AADHAV ARJUNA,Tamilaga Vettri Kazhagam,KARTHIK MOHAN,Dravida Munnetra Kazhagam,17302,19/19,Result Declared,TVK,DMK,Chennai
Viluppuram,74,LAKSHMANAN R,Dravida Munnetra Kazhagam,MOHANRAJ N,Tamilaga Vettri Kazhagam,4119,24/24,Result Declared,DMK,TVK,Viluppuram
Viralimalai,179,VIJAYABASKAR. C,All India Anna Dravida Munnetra Kazhagam,MURUGESAN. P,Tamilaga Vettri Kazhagam,62073,22/22,Result Declared,AIADMK,TVK,Karur
Virudhunagar,206,SELVAM P,Tamilaga Vettri Kazhagam,VIJAYAPRABHAKAR,Desiya Murpokku Dravida Kazhagam,9391,23/23,Result Declared,TVK,DMDK,Virudhunagar
Virugampakkam,22,SABARINATHAN.R,Tamilaga Vettri Kazhagam,PRABHAKARA RAJA.A.M.V,Dravida Munnetra Kazhagam,27086,24/24,Result Declared,TVK,DMK,Chennai
Vriddhachalam,152,PREMALLATHA VIJAYAKANT,Desiya Murpokku Dravida Kazhagam,VIJAY.S,Tamilaga Vettri Kazhagam,2387,24/24,Result Declared,DMDK,TVK,Cuddalore
Yercaud,83,USHARANI. P,All India Anna Dravida Munnetra Kazhagam,LAKSHMI JANARTHANAN. J,Tamilaga Vettri Kazhagam,2189,25/25,Result Declared,AIADMK,TVK,Salem
